,forecast
2024-01-01 00:00:00,
2024-01-01 03:00:00,
2024-01-01 06:00:00,
2024-01-01 09:00:00,
2024-01-01 12:00:00,
2024-01-01 15:00:00,
2024-01-01 18:00:00,
2024-01-01 21:00:00,
2024-01-02 00:00:00,
2024-01-02 03:00:00,
2024-01-02 06:00:00,
2024-01-02 09:00:00,
2024-01-02 12:00:00,
2024-01-02 15:00:00,
2024-01-02 18:00:00,
2024-01-02 21:00:00,
2024-01-03 00:00:00,
2024-01-03 03:00:00,
2024-01-03 06:00:00,
2024-01-03 09:00:00,
2024-01-03 12:00:00,
2024-01-03 15:00:00,
2024-01-03 18:00:00,
2024-01-03 21:00:00,
2024-01-04 00:00:00,
2024-01-04 03:00:00,
2024-01-04 06:00:00,
2024-01-04 09:00:00,
2024-01-04 12:00:00,
2024-01-04 15:00:00,
2024-01-04 18:00:00,
2024-01-04 21:00:00,
2024-01-05 00:00:00,
2024-01-05 03:00:00,
2024-01-05 06:00:00,
2024-01-05 09:00:00,
2024-01-05 12:00:00,
2024-01-05 15:00:00,
2024-01-05 18:00:00,
2024-01-05 21:00:00,
2024-01-06 00:00:00,
2024-01-06 03:00:00,
2024-01-06 06:00:00,
2024-01-06 09:00:00,
2024-01-06 12:00:00,
2024-01-06 15:00:00,
2024-01-06 18:00:00,
2024-01-06 21:00:00,
2024-01-07 00:00:00,
2024-01-07 03:00:00,
2024-01-07 06:00:00,
2024-01-07 09:00:00,
2024-01-07 12:00:00,
2024-01-07 15:00:00,
2024-01-07 18:00:00,
2024-01-07 21:00:00,
2024-01-08 00:00:00,
2024-01-08 03:00:00,
2024-01-08 06:00:00,
2024-01-08 09:00:00,
2024-01-08 12:00:00,
2024-01-08 15:00:00,
2024-01-08 18:00:00,
2024-01-08 21:00:00,
2024-01-09 00:00:00,
2024-01-09 03:00:00,
2024-01-09 06:00:00,
2024-01-09 09:00:00,
2024-01-09 12:00:00,
2024-01-09 15:00:00,
2024-01-09 18:00:00,
2024-01-09 21:00:00,
2024-01-10 00:00:00,
2024-01-10 03:00:00,
2024-01-10 06:00:00,
2024-01-10 09:00:00,
2024-01-10 12:00:00,
2024-01-10 15:00:00,
2024-01-10 18:00:00,
2024-01-10 21:00:00,
2024-01-11 00:00:00,
2024-01-11 03:00:00,
2024-01-11 06:00:00,
2024-01-11 09:00:00,
2024-01-11 12:00:00,
2024-01-11 15:00:00,
2024-01-11 18:00:00,
2024-01-11 21:00:00,
2024-01-12 00:00:00,
2024-01-12 03:00:00,
2024-01-12 06:00:00,
2024-01-12 09:00:00,
2024-01-12 12:00:00,
2024-01-12 15:00:00,
2024-01-12 18:00:00,
2024-01-12 21:00:00,
2024-01-13 00:00:00,
2024-01-13 03:00:00,
2024-01-13 06:00:00,
2024-01-13 09:00:00,
2024-01-13 12:00:00,
2024-01-13 15:00:00,
2024-01-13 18:00:00,
2024-01-13 21:00:00,
2024-01-14 00:00:00,
2024-01-14 03:00:00,
2024-01-14 06:00:00,
2024-01-14 09:00:00,
2024-01-14 12:00:00,
2024-01-14 15:00:00,
2024-01-14 18:00:00,
2024-01-14 21:00:00,
2024-01-15 00:00:00,
2024-01-15 03:00:00,
2024-01-15 06:00:00,
2024-01-15 09:00:00,
2024-01-15 12:00:00,
2024-01-15 15:00:00,
2024-01-15 18:00:00,
2024-01-15 21:00:00,
2024-01-16 00:00:00,
2024-01-16 03:00:00,
2024-01-16 06:00:00,
2024-01-16 09:00:00,
2024-01-16 12:00:00,
2024-01-16 15:00:00,
2024-01-16 18:00:00,
2024-01-16 21:00:00,
2024-01-17 00:00:00,
2024-01-17 03:00:00,
2024-01-17 06:00:00,
2024-01-17 09:00:00,
2024-01-17 12:00:00,
2024-01-17 15:00:00,
2024-01-17 18:00:00,
2024-01-17 21:00:00,
2024-01-18 00:00:00,
2024-01-18 03:00:00,
2024-01-18 06:00:00,
2024-01-18 09:00:00,
2024-01-18 12:00:00,
2024-01-18 15:00:00,
2024-01-18 18:00:00,
2024-01-18 21:00:00,
2024-01-19 00:00:00,
2024-01-19 03:00:00,
2024-01-19 06:00:00,
2024-01-19 09:00:00,
2024-01-19 12:00:00,
2024-01-19 15:00:00,
2024-01-19 18:00:00,
2024-01-19 21:00:00,
2024-01-20 00:00:00,
2024-01-20 03:00:00,
2024-01-20 06:00:00,
2024-01-20 09:00:00,
2024-01-20 12:00:00,
2024-01-20 15:00:00,
2024-01-20 18:00:00,
2024-01-20 21:00:00,
2024-01-21 00:00:00,
2024-01-21 03:00:00,
2024-01-21 06:00:00,
2024-01-21 09:00:00,
2024-01-21 12:00:00,
2024-01-21 15:00:00,
2024-01-21 18:00:00,
2024-01-21 21:00:00,
2024-01-22 00:00:00,
2024-01-22 03:00:00,
2024-01-22 06:00:00,
2024-01-22 09:00:00,
2024-01-22 12:00:00,
2024-01-22 15:00:00,
2024-01-22 18:00:00,
2024-01-22 21:00:00,
2024-01-23 00:00:00,
2024-01-23 03:00:00,
2024-01-23 06:00:00,
2024-01-23 09:00:00,
2024-01-23 12:00:00,
2024-01-23 15:00:00,
2024-01-23 18:00:00,
2024-01-23 21:00:00,
2024-01-24 00:00:00,
2024-01-24 03:00:00,
2024-01-24 06:00:00,
2024-01-24 09:00:00,
2024-01-24 12:00:00,
2024-01-24 15:00:00,
2024-01-24 18:00:00,
2024-01-24 21:00:00,
2024-01-25 00:00:00,
2024-01-25 03:00:00,
2024-01-25 06:00:00,
2024-01-25 09:00:00,
2024-01-25 12:00:00,
2024-01-25 15:00:00,
2024-01-25 18:00:00,
2024-01-25 21:00:00,
2024-01-26 00:00:00,
2024-01-26 03:00:00,
2024-01-26 06:00:00,
2024-01-26 09:00:00,
2024-01-26 12:00:00,
2024-01-26 15:00:00,
2024-01-26 18:00:00,
2024-01-26 21:00:00,
2024-01-27 00:00:00,
2024-01-27 03:00:00,
2024-01-27 06:00:00,
2024-01-27 09:00:00,
2024-01-27 12:00:00,
2024-01-27 15:00:00,
2024-01-27 18:00:00,
2024-01-27 21:00:00,
2024-01-28 00:00:00,
2024-01-28 03:00:00,
2024-01-28 06:00:00,
2024-01-28 09:00:00,
2024-01-28 12:00:00,
2024-01-28 15:00:00,
2024-01-28 18:00:00,
2024-01-28 21:00:00,
2024-01-29 00:00:00,
2024-01-29 03:00:00,
2024-01-29 06:00:00,
2024-01-29 09:00:00,
2024-01-29 12:00:00,
2024-01-29 15:00:00,
2024-01-29 18:00:00,
2024-01-29 21:00:00,
2024-01-30 00:00:00,
2024-01-30 03:00:00,
2024-01-30 06:00:00,
2024-01-30 09:00:00,
2024-01-30 12:00:00,
2024-01-30 15:00:00,
2024-01-30 18:00:00,
2024-01-30 21:00:00,
2024-01-31 00:00:00,
2024-01-31 03:00:00,
2024-01-31 06:00:00,
2024-01-31 09:00:00,
2024-01-31 12:00:00,
2024-01-31 15:00:00,
2024-01-31 18:00:00,
2024-01-31 21:00:00,
2024-02-01 00:00:00,
2024-02-01 03:00:00,
2024-02-01 06:00:00,
2024-02-01 09:00:00,
2024-02-01 12:00:00,
2024-02-01 15:00:00,
2024-02-01 18:00:00,
2024-02-01 21:00:00,
2024-02-02 00:00:00,
2024-02-02 03:00:00,
2024-02-02 06:00:00,
2024-02-02 09:00:00,
2024-02-02 12:00:00,
2024-02-02 15:00:00,
2024-02-02 18:00:00,
2024-02-02 21:00:00,
2024-02-03 00:00:00,
2024-02-03 03:00:00,
2024-02-03 06:00:00,
2024-02-03 09:00:00,
2024-02-03 12:00:00,
2024-02-03 15:00:00,
2024-02-03 18:00:00,
2024-02-03 21:00:00,
2024-02-04 00:00:00,
2024-02-04 03:00:00,
2024-02-04 06:00:00,
2024-02-04 09:00:00,
2024-02-04 12:00:00,
2024-02-04 15:00:00,
2024-02-04 18:00:00,
2024-02-04 21:00:00,
2024-02-05 00:00:00,
2024-02-05 03:00:00,
2024-02-05 06:00:00,
2024-02-05 09:00:00,
2024-02-05 12:00:00,
2024-02-05 15:00:00,
2024-02-05 18:00:00,
2024-02-05 21:00:00,
2024-02-06 00:00:00,
2024-02-06 03:00:00,
2024-02-06 06:00:00,
2024-02-06 09:00:00,
2024-02-06 12:00:00,
2024-02-06 15:00:00,
2024-02-06 18:00:00,
2024-02-06 21:00:00,
2024-02-07 00:00:00,
2024-02-07 03:00:00,
2024-02-07 06:00:00,
2024-02-07 09:00:00,
2024-02-07 12:00:00,
2024-02-07 15:00:00,
2024-02-07 18:00:00,
2024-02-07 21:00:00,
2024-02-08 00:00:00,
2024-02-08 03:00:00,
2024-02-08 06:00:00,
2024-02-08 09:00:00,
2024-02-08 12:00:00,
2024-02-08 15:00:00,
2024-02-08 18:00:00,
2024-02-08 21:00:00,
2024-02-09 00:00:00,
2024-02-09 03:00:00,
2024-02-09 06:00:00,
2024-02-09 09:00:00,
2024-02-09 12:00:00,
2024-02-09 15:00:00,
2024-02-09 18:00:00,
2024-02-09 21:00:00,
2024-02-10 00:00:00,
2024-02-10 03:00:00,
2024-02-10 06:00:00,
2024-02-10 09:00:00,
2024-02-10 12:00:00,
2024-02-10 15:00:00,
2024-02-10 18:00:00,
2024-02-10 21:00:00,
2024-02-11 00:00:00,
2024-02-11 03:00:00,
2024-02-11 06:00:00,
2024-02-11 09:00:00,
2024-02-11 12:00:00,
2024-02-11 15:00:00,
2024-02-11 18:00:00,
2024-02-11 21:00:00,
2024-02-12 00:00:00,
2024-02-12 03:00:00,
2024-02-12 06:00:00,
2024-02-12 09:00:00,
2024-02-12 12:00:00,
2024-02-12 15:00:00,
2024-02-12 18:00:00,
2024-02-12 21:00:00,
2024-02-13 00:00:00,
2024-02-13 03:00:00,
2024-02-13 06:00:00,
2024-02-13 09:00:00,
2024-02-13 12:00:00,
2024-02-13 15:00:00,
2024-02-13 18:00:00,
2024-02-13 21:00:00,
2024-02-14 00:00:00,
2024-02-14 03:00:00,
2024-02-14 06:00:00,
2024-02-14 09:00:00,
2024-02-14 12:00:00,
2024-02-14 15:00:00,
2024-02-14 18:00:00,
2024-02-14 21:00:00,
2024-02-15 00:00:00,
2024-02-15 03:00:00,
2024-02-15 06:00:00,
2024-02-15 09:00:00,
2024-02-15 12:00:00,
2024-02-15 15:00:00,
2024-02-15 18:00:00,
2024-02-15 21:00:00,
2024-02-16 00:00:00,
2024-02-16 03:00:00,
2024-02-16 06:00:00,
2024-02-16 09:00:00,
2024-02-16 12:00:00,
2024-02-16 15:00:00,
2024-02-16 18:00:00,
2024-02-16 21:00:00,
2024-02-17 00:00:00,
2024-02-17 03:00:00,
2024-02-17 06:00:00,
2024-02-17 09:00:00,
2024-02-17 12:00:00,
2024-02-17 15:00:00,
2024-02-17 18:00:00,
2024-02-17 21:00:00,
2024-02-18 00:00:00,
2024-02-18 03:00:00,
2024-02-18 06:00:00,
2024-02-18 09:00:00,
2024-02-18 12:00:00,
2024-02-18 15:00:00,
2024-02-18 18:00:00,
2024-02-18 21:00:00,
2024-02-19 00:00:00,
2024-02-19 03:00:00,
2024-02-19 06:00:00,
2024-02-19 09:00:00,
2024-02-19 12:00:00,
2024-02-19 15:00:00,
2024-02-19 18:00:00,
2024-02-19 21:00:00,
2024-02-20 00:00:00,
2024-02-20 03:00:00,
2024-02-20 06:00:00,
2024-02-20 09:00:00,
2024-02-20 12:00:00,
2024-02-20 15:00:00,
2024-02-20 18:00:00,
2024-02-20 21:00:00,
2024-02-21 00:00:00,
2024-02-21 03:00:00,
2024-02-21 06:00:00,
2024-02-21 09:00:00,
2024-02-21 12:00:00,
2024-02-21 15:00:00,
2024-02-21 18:00:00,
2024-02-21 21:00:00,
2024-02-22 00:00:00,
2024-02-22 03:00:00,
2024-02-22 06:00:00,
2024-02-22 09:00:00,
2024-02-22 12:00:00,
2024-02-22 15:00:00,
2024-02-22 18:00:00,
2024-02-22 21:00:00,
2024-02-23 00:00:00,
2024-02-23 03:00:00,
2024-02-23 06:00:00,
2024-02-23 09:00:00,
2024-02-23 12:00:00,
2024-02-23 15:00:00,
2024-02-23 18:00:00,
2024-02-23 21:00:00,
2024-02-24 00:00:00,
2024-02-24 03:00:00,
2024-02-24 06:00:00,
2024-02-24 09:00:00,
2024-02-24 12:00:00,
2024-02-24 15:00:00,
2024-02-24 18:00:00,
2024-02-24 21:00:00,
2024-02-25 00:00:00,
2024-02-25 03:00:00,
2024-02-25 06:00:00,
2024-02-25 09:00:00,
2024-02-25 12:00:00,
2024-02-25 15:00:00,
2024-02-25 18:00:00,
2024-02-25 21:00:00,
2024-02-26 00:00:00,
2024-02-26 03:00:00,
2024-02-26 06:00:00,
2024-02-26 09:00:00,
2024-02-26 12:00:00,
2024-02-26 15:00:00,
2024-02-26 18:00:00,
2024-02-26 21:00:00,
2024-02-27 00:00:00,
2024-02-27 03:00:00,
2024-02-27 06:00:00,
2024-02-27 09:00:00,
2024-02-27 12:00:00,
2024-02-27 15:00:00,
2024-02-27 18:00:00,
2024-02-27 21:00:00,
2024-02-28 00:00:00,
2024-02-28 03:00:00,
2024-02-28 06:00:00,
2024-02-28 09:00:00,
2024-02-28 12:00:00,
2024-02-28 15:00:00,
2024-02-28 18:00:00,
2024-02-28 21:00:00,
2024-02-29 00:00:00,
2024-02-29 03:00:00,
2024-02-29 06:00:00,
2024-02-29 09:00:00,
2024-02-29 12:00:00,
2024-02-29 15:00:00,
2024-02-29 18:00:00,
2024-02-29 21:00:00,
2024-03-01 00:00:00,
2024-03-01 03:00:00,
2024-03-01 06:00:00,
2024-03-01 09:00:00,
2024-03-01 12:00:00,
2024-03-01 15:00:00,
2024-03-01 18:00:00,
2024-03-01 21:00:00,
2024-03-02 00:00:00,
2024-03-02 03:00:00,
2024-03-02 06:00:00,
2024-03-02 09:00:00,
2024-03-02 12:00:00,
2024-03-02 15:00:00,
2024-03-02 18:00:00,
2024-03-02 21:00:00,
2024-03-03 00:00:00,
2024-03-03 03:00:00,
2024-03-03 06:00:00,
2024-03-03 09:00:00,
2024-03-03 12:00:00,
2024-03-03 15:00:00,
2024-03-03 18:00:00,
2024-03-03 21:00:00,
2024-03-04 00:00:00,
2024-03-04 03:00:00,
2024-03-04 06:00:00,
2024-03-04 09:00:00,
2024-03-04 12:00:00,
2024-03-04 15:00:00,
2024-03-04 18:00:00,
2024-03-04 21:00:00,
2024-03-05 00:00:00,
2024-03-05 03:00:00,
2024-03-05 06:00:00,
2024-03-05 09:00:00,
2024-03-05 12:00:00,
2024-03-05 15:00:00,
2024-03-05 18:00:00,
2024-03-05 21:00:00,
2024-03-06 00:00:00,
2024-03-06 03:00:00,
2024-03-06 06:00:00,
2024-03-06 09:00:00,
2024-03-06 12:00:00,
2024-03-06 15:00:00,
2024-03-06 18:00:00,
2024-03-06 21:00:00,
2024-03-07 00:00:00,
2024-03-07 03:00:00,
2024-03-07 06:00:00,
2024-03-07 09:00:00,
2024-03-07 12:00:00,
2024-03-07 15:00:00,
2024-03-07 18:00:00,
2024-03-07 21:00:00,
2024-03-08 00:00:00,
2024-03-08 03:00:00,
2024-03-08 06:00:00,
2024-03-08 09:00:00,
2024-03-08 12:00:00,
2024-03-08 15:00:00,
2024-03-08 18:00:00,
2024-03-08 21:00:00,
2024-03-09 00:00:00,
2024-03-09 03:00:00,
2024-03-09 06:00:00,
2024-03-09 09:00:00,
2024-03-09 12:00:00,
2024-03-09 15:00:00,
2024-03-09 18:00:00,
2024-03-09 21:00:00,
2024-03-10 00:00:00,
2024-03-10 03:00:00,
2024-03-10 06:00:00,
2024-03-10 09:00:00,
2024-03-10 12:00:00,
2024-03-10 15:00:00,
2024-03-10 18:00:00,
2024-03-10 21:00:00,
2024-03-11 00:00:00,
2024-03-11 03:00:00,
2024-03-11 06:00:00,
2024-03-11 09:00:00,
2024-03-11 12:00:00,
2024-03-11 15:00:00,
2024-03-11 18:00:00,
2024-03-11 21:00:00,
2024-03-12 00:00:00,
2024-03-12 03:00:00,
2024-03-12 06:00:00,
2024-03-12 09:00:00,
2024-03-12 12:00:00,
2024-03-12 15:00:00,
2024-03-12 18:00:00,
2024-03-12 21:00:00,
2024-03-13 00:00:00,
2024-03-13 03:00:00,
2024-03-13 06:00:00,
2024-03-13 09:00:00,
2024-03-13 12:00:00,
2024-03-13 15:00:00,
2024-03-13 18:00:00,
2024-03-13 21:00:00,
2024-03-14 00:00:00,
2024-03-14 03:00:00,
2024-03-14 06:00:00,
2024-03-14 09:00:00,
2024-03-14 12:00:00,
2024-03-14 15:00:00,
2024-03-14 18:00:00,
2024-03-14 21:00:00,
2024-03-15 00:00:00,
2024-03-15 03:00:00,
2024-03-15 06:00:00,
2024-03-15 09:00:00,
2024-03-15 12:00:00,
2024-03-15 15:00:00,
2024-03-15 18:00:00,
2024-03-15 21:00:00,
2024-03-16 00:00:00,
2024-03-16 03:00:00,
2024-03-16 06:00:00,
2024-03-16 09:00:00,
2024-03-16 12:00:00,
2024-03-16 15:00:00,
2024-03-16 18:00:00,
2024-03-16 21:00:00,
2024-03-17 00:00:00,
2024-03-17 03:00:00,
2024-03-17 06:00:00,
2024-03-17 09:00:00,
2024-03-17 12:00:00,
2024-03-17 15:00:00,
2024-03-17 18:00:00,
2024-03-17 21:00:00,
2024-03-18 00:00:00,
2024-03-18 03:00:00,
2024-03-18 06:00:00,
2024-03-18 09:00:00,
2024-03-18 12:00:00,
2024-03-18 15:00:00,
2024-03-18 18:00:00,
2024-03-18 21:00:00,
2024-03-19 00:00:00,
2024-03-19 03:00:00,
2024-03-19 06:00:00,
2024-03-19 09:00:00,
2024-03-19 12:00:00,
2024-03-19 15:00:00,
2024-03-19 18:00:00,
2024-03-19 21:00:00,
2024-03-20 00:00:00,
2024-03-20 03:00:00,
2024-03-20 06:00:00,
2024-03-20 09:00:00,
2024-03-20 12:00:00,
2024-03-20 15:00:00,
2024-03-20 18:00:00,
2024-03-20 21:00:00,
2024-03-21 00:00:00,
2024-03-21 03:00:00,
2024-03-21 06:00:00,
2024-03-21 09:00:00,
2024-03-21 12:00:00,
2024-03-21 15:00:00,
2024-03-21 18:00:00,
2024-03-21 21:00:00,
2024-03-22 00:00:00,
2024-03-22 03:00:00,
2024-03-22 06:00:00,
2024-03-22 09:00:00,
2024-03-22 12:00:00,
2024-03-22 15:00:00,
2024-03-22 18:00:00,
2024-03-22 21:00:00,
2024-03-23 00:00:00,
2024-03-23 03:00:00,
2024-03-23 06:00:00,
2024-03-23 09:00:00,
2024-03-23 12:00:00,
2024-03-23 15:00:00,
2024-03-23 18:00:00,
2024-03-23 21:00:00,
2024-03-24 00:00:00,
2024-03-24 03:00:00,
2024-03-24 06:00:00,
2024-03-24 09:00:00,
2024-03-24 12:00:00,
2024-03-24 15:00:00,
2024-03-24 18:00:00,
2024-03-24 21:00:00,
2024-03-25 00:00:00,
2024-03-25 03:00:00,
2024-03-25 06:00:00,
2024-03-25 09:00:00,
2024-03-25 12:00:00,
2024-03-25 15:00:00,
2024-03-25 18:00:00,
2024-03-25 21:00:00,
2024-03-26 00:00:00,
2024-03-26 03:00:00,
2024-03-26 06:00:00,
2024-03-26 09:00:00,
2024-03-26 12:00:00,
2024-03-26 15:00:00,
2024-03-26 18:00:00,
2024-03-26 21:00:00,
2024-03-27 00:00:00,
2024-03-27 03:00:00,
2024-03-27 06:00:00,
2024-03-27 09:00:00,
2024-03-27 12:00:00,
2024-03-27 15:00:00,
2024-03-27 18:00:00,
2024-03-27 21:00:00,
2024-03-28 00:00:00,
2024-03-28 03:00:00,
2024-03-28 06:00:00,
2024-03-28 09:00:00,
2024-03-28 12:00:00,
2024-03-28 15:00:00,
2024-03-28 18:00:00,
2024-03-28 21:00:00,
2024-03-29 00:00:00,
2024-03-29 03:00:00,
2024-03-29 06:00:00,
2024-03-29 09:00:00,
2024-03-29 12:00:00,
2024-03-29 15:00:00,
2024-03-29 18:00:00,
2024-03-29 21:00:00,
2024-03-30 00:00:00,
2024-03-30 03:00:00,
2024-03-30 06:00:00,
2024-03-30 09:00:00,
2024-03-30 12:00:00,
2024-03-30 15:00:00,
2024-03-30 18:00:00,
2024-03-30 21:00:00,
2024-03-31 00:00:00,
2024-03-31 03:00:00,
2024-03-31 06:00:00,
2024-03-31 09:00:00,
2024-03-31 12:00:00,
2024-03-31 15:00:00,
2024-03-31 18:00:00,
2024-03-31 21:00:00,
2024-04-01 00:00:00,
2024-04-01 03:00:00,
2024-04-01 06:00:00,
2024-04-01 09:00:00,
2024-04-01 12:00:00,
2024-04-01 15:00:00,
2024-04-01 18:00:00,
2024-04-01 21:00:00,
2024-04-02 00:00:00,
2024-04-02 03:00:00,
2024-04-02 06:00:00,
2024-04-02 09:00:00,
2024-04-02 12:00:00,
2024-04-02 15:00:00,
2024-04-02 18:00:00,
2024-04-02 21:00:00,
2024-04-03 00:00:00,
2024-04-03 03:00:00,
2024-04-03 06:00:00,
2024-04-03 09:00:00,
2024-04-03 12:00:00,
2024-04-03 15:00:00,
2024-04-03 18:00:00,
2024-04-03 21:00:00,
2024-04-04 00:00:00,
2024-04-04 03:00:00,
2024-04-04 06:00:00,
2024-04-04 09:00:00,
2024-04-04 12:00:00,
2024-04-04 15:00:00,
2024-04-04 18:00:00,
2024-04-04 21:00:00,
2024-04-05 00:00:00,
2024-04-05 03:00:00,
2024-04-05 06:00:00,
2024-04-05 09:00:00,
2024-04-05 12:00:00,
2024-04-05 15:00:00,
2024-04-05 18:00:00,
2024-04-05 21:00:00,
2024-04-06 00:00:00,
2024-04-06 03:00:00,
2024-04-06 06:00:00,
2024-04-06 09:00:00,
2024-04-06 12:00:00,
2024-04-06 15:00:00,
2024-04-06 18:00:00,
2024-04-06 21:00:00,
2024-04-07 00:00:00,
2024-04-07 03:00:00,
2024-04-07 06:00:00,
2024-04-07 09:00:00,
2024-04-07 12:00:00,
2024-04-07 15:00:00,
2024-04-07 18:00:00,
2024-04-07 21:00:00,
2024-04-08 00:00:00,
2024-04-08 03:00:00,
2024-04-08 06:00:00,
2024-04-08 09:00:00,
2024-04-08 12:00:00,
2024-04-08 15:00:00,
2024-04-08 18:00:00,
2024-04-08 21:00:00,
2024-04-09 00:00:00,
2024-04-09 03:00:00,
2024-04-09 06:00:00,
2024-04-09 09:00:00,
2024-04-09 12:00:00,
2024-04-09 15:00:00,
2024-04-09 18:00:00,
2024-04-09 21:00:00,
2024-04-10 00:00:00,
2024-04-10 03:00:00,
2024-04-10 06:00:00,
2024-04-10 09:00:00,
2024-04-10 12:00:00,
2024-04-10 15:00:00,
2024-04-10 18:00:00,
2024-04-10 21:00:00,
2024-04-11 00:00:00,
2024-04-11 03:00:00,
2024-04-11 06:00:00,
2024-04-11 09:00:00,
2024-04-11 12:00:00,
2024-04-11 15:00:00,
2024-04-11 18:00:00,
2024-04-11 21:00:00,
2024-04-12 00:00:00,
2024-04-12 03:00:00,
2024-04-12 06:00:00,
2024-04-12 09:00:00,
2024-04-12 12:00:00,
2024-04-12 15:00:00,
2024-04-12 18:00:00,
2024-04-12 21:00:00,
2024-04-13 00:00:00,
2024-04-13 03:00:00,
2024-04-13 06:00:00,
2024-04-13 09:00:00,
2024-04-13 12:00:00,
2024-04-13 15:00:00,
2024-04-13 18:00:00,
2024-04-13 21:00:00,
2024-04-14 00:00:00,
2024-04-14 03:00:00,
2024-04-14 06:00:00,
2024-04-14 09:00:00,
2024-04-14 12:00:00,
2024-04-14 15:00:00,
2024-04-14 18:00:00,
2024-04-14 21:00:00,
2024-04-15 00:00:00,
2024-04-15 03:00:00,
2024-04-15 06:00:00,
2024-04-15 09:00:00,
2024-04-15 12:00:00,
2024-04-15 15:00:00,
2024-04-15 18:00:00,
2024-04-15 21:00:00,
2024-04-16 00:00:00,
2024-04-16 03:00:00,
2024-04-16 06:00:00,
2024-04-16 09:00:00,
2024-04-16 12:00:00,
2024-04-16 15:00:00,
2024-04-16 18:00:00,
2024-04-16 21:00:00,
2024-04-17 00:00:00,
2024-04-17 03:00:00,
2024-04-17 06:00:00,
2024-04-17 09:00:00,
2024-04-17 12:00:00,
2024-04-17 15:00:00,
2024-04-17 18:00:00,
2024-04-17 21:00:00,
2024-04-18 00:00:00,
2024-04-18 03:00:00,
2024-04-18 06:00:00,
2024-04-18 09:00:00,
2024-04-18 12:00:00,
2024-04-18 15:00:00,
2024-04-18 18:00:00,
2024-04-18 21:00:00,
2024-04-19 00:00:00,
2024-04-19 03:00:00,
2024-04-19 06:00:00,
2024-04-19 09:00:00,
2024-04-19 12:00:00,
2024-04-19 15:00:00,
2024-04-19 18:00:00,
2024-04-19 21:00:00,
2024-04-20 00:00:00,
2024-04-20 03:00:00,
2024-04-20 06:00:00,
2024-04-20 09:00:00,
2024-04-20 12:00:00,
2024-04-20 15:00:00,
2024-04-20 18:00:00,
2024-04-20 21:00:00,
2024-04-21 00:00:00,
2024-04-21 03:00:00,
2024-04-21 06:00:00,
2024-04-21 09:00:00,
2024-04-21 12:00:00,
2024-04-21 15:00:00,
2024-04-21 18:00:00,
2024-04-21 21:00:00,
2024-04-22 00:00:00,
2024-04-22 03:00:00,
2024-04-22 06:00:00,
2024-04-22 09:00:00,
2024-04-22 12:00:00,6.917634010314941
2024-04-22 15:00:00,6.917634010314941
2024-04-22 18:00:00,6.917634010314941
2024-04-22 21:00:00,6.917634010314941
2024-04-23 00:00:00,6.917634010314941
2024-04-23 03:00:00,6.917634010314941
2024-04-23 06:00:00,6.917634010314941
2024-04-23 09:00:00,6.917634010314941
2024-04-23 12:00:00,6.917634010314941
2024-04-23 15:00:00,6.917634010314941
2024-04-23 18:00:00,6.917634010314941
2024-04-23 21:00:00,6.917634010314941
2024-04-24 00:00:00,6.917634010314941
2024-04-24 03:00:00,6.917634010314941
2024-04-24 06:00:00,6.917634010314941
2024-04-24 09:00:00,6.917634010314941
2024-04-24 12:00:00,6.917634010314941
2024-04-24 15:00:00,6.917634010314941
2024-04-24 18:00:00,6.917634010314941
2024-04-24 21:00:00,6.917634010314941
2024-04-25 00:00:00,6.917634010314941
2024-04-25 03:00:00,6.917634010314941
2024-04-25 06:00:00,6.917634010314941
2024-04-25 09:00:00,6.917634010314941
2024-04-25 12:00:00,6.917634010314941
2024-04-25 15:00:00,6.917634010314941
2024-04-25 18:00:00,6.917634010314941
2024-04-25 21:00:00,6.917634010314941
2024-04-26 00:00:00,6.917634010314941
2024-04-26 03:00:00,6.710902214050293
2024-04-26 06:00:00,6.710902214050293
2024-04-26 09:00:00,6.710902214050293
2024-04-26 12:00:00,6.616703987121582
2024-04-26 15:00:00,6.616703987121582
2024-04-26 18:00:00,6.616703987121582
2024-04-26 21:00:00,6.616703987121582
2024-04-27 00:00:00,6.616703987121582
2024-04-27 03:00:00,6.616703987121582
2024-04-27 06:00:00,6.616703987121582
2024-04-27 09:00:00,6.616703987121582
2024-04-27 12:00:00,6.616703987121582
2024-04-27 15:00:00,6.616703987121582
2024-04-27 18:00:00,6.616703987121582
2024-04-27 21:00:00,6.616703987121582
2024-04-28 00:00:00,6.616703987121582
2024-04-28 03:00:00,6.616703987121582
2024-04-28 06:00:00,6.616703987121582
2024-04-28 09:00:00,6.616703987121582
2024-04-28 12:00:00,6.616703987121582
2024-04-28 15:00:00,6.616703987121582
2024-04-28 18:00:00,6.616703987121582
2024-04-28 21:00:00,6.616703987121582
2024-04-29 00:00:00,6.616703987121582
2024-04-29 03:00:00,6.616703987121582
2024-04-29 06:00:00,6.616703987121582
2024-04-29 09:00:00,6.616703987121582
2024-04-29 12:00:00,6.51862096786499
2024-04-29 15:00:00,6.472889423370361
2024-04-29 18:00:00,6.472889423370361
2024-04-29 21:00:00,6.472889423370361
2024-04-30 00:00:00,6.472889423370361
2024-04-30 03:00:00,6.268218517303467
2024-04-30 06:00:00,6.268218517303467
2024-04-30 09:00:00,6.268218517303467
2024-04-30 12:00:00,6.268218517303467
2024-04-30 15:00:00,6.268218517303467
2024-04-30 18:00:00,6.268218517303467
2024-04-30 21:00:00,6.268218517303467
2024-05-01 00:00:00,6.268218517303467
2024-05-01 03:00:00,6.268218517303467
2024-05-01 06:00:00,6.268218517303467
2024-05-01 09:00:00,6.268218517303467
2024-05-01 12:00:00,6.268218517303467
2024-05-01 15:00:00,6.268218517303467
2024-05-01 18:00:00,6.268218517303467
2024-05-01 21:00:00,6.268218517303467
2024-05-02 00:00:00,6.268218517303467
2024-05-02 03:00:00,6.268218517303467
2024-05-02 06:00:00,6.268218517303467
2024-05-02 09:00:00,6.268218517303467
2024-05-02 12:00:00,6.268218517303467
2024-05-02 15:00:00,6.268218517303467
2024-05-02 18:00:00,6.268218517303467
2024-05-02 21:00:00,6.268218517303467
2024-05-03 00:00:00,6.268218517303467
2024-05-03 03:00:00,6.268218517303467
2024-05-03 06:00:00,6.268218517303467
2024-05-03 09:00:00,6.268218517303467
2024-05-03 12:00:00,6.268218517303467
2024-05-03 15:00:00,6.268218517303467
2024-05-03 18:00:00,6.268218517303467
2024-05-03 21:00:00,6.268218517303467
2024-05-04 00:00:00,6.268218517303467
2024-05-04 03:00:00,6.268218517303467
2024-05-04 06:00:00,6.268218517303467
2024-05-04 09:00:00,6.268218517303467
2024-05-04 12:00:00,6.268218517303467
2024-05-04 15:00:00,6.268218517303467
2024-05-04 18:00:00,6.268218517303467
2024-05-04 21:00:00,6.268218517303467
2024-05-05 00:00:00,6.268218517303467
2024-05-05 03:00:00,6.268218517303467
2024-05-05 06:00:00,6.268218517303467
2024-05-05 09:00:00,6.268218517303467
2024-05-05 12:00:00,6.268218517303467
2024-05-05 15:00:00,6.268218517303467
2024-05-05 18:00:00,6.268218517303467
2024-05-05 21:00:00,6.268218517303467
2024-05-06 00:00:00,6.268218517303467
2024-05-06 03:00:00,6.268218517303467
2024-05-06 06:00:00,6.268218517303467
2024-05-06 09:00:00,6.268218517303467
2024-05-06 12:00:00,6.268218517303467
2024-05-06 15:00:00,6.268218517303467
2024-05-06 18:00:00,6.268218517303467
2024-05-06 21:00:00,6.268218517303467
2024-05-07 00:00:00,6.268218517303467
2024-05-07 03:00:00,6.268218517303467
2024-05-07 06:00:00,6.268218517303467
2024-05-07 09:00:00,6.268218517303467
2024-05-07 12:00:00,6.268218517303467
2024-05-07 15:00:00,6.268218517303467
2024-05-07 18:00:00,6.268218517303467
2024-05-07 21:00:00,6.268218517303467
2024-05-08 00:00:00,6.268218517303467
2024-05-08 03:00:00,6.268218517303467
2024-05-08 06:00:00,6.268218517303467
2024-05-08 09:00:00,6.268218517303467
2024-05-08 12:00:00,6.268218517303467
2024-05-08 15:00:00,6.268218517303467
2024-05-08 18:00:00,6.268218517303467
2024-05-08 21:00:00,6.268218517303467
2024-05-09 00:00:00,6.268218517303467
2024-05-09 03:00:00,6.268218517303467
2024-05-09 06:00:00,6.268218517303467
2024-05-09 09:00:00,6.268218517303467
2024-05-09 12:00:00,6.268218517303467
2024-05-09 15:00:00,6.268218517303467
2024-05-09 18:00:00,6.268218517303467
2024-05-09 21:00:00,6.268218517303467
2024-05-10 00:00:00,6.268218517303467
2024-05-10 03:00:00,6.194140911102295
2024-05-10 06:00:00,6.194140911102295
2024-05-10 09:00:00,6.194140911102295
2024-05-10 12:00:00,6.194140911102295
2024-05-10 15:00:00,6.194140911102295
2024-05-10 18:00:00,6.194140911102295
2024-05-10 21:00:00,6.194140911102295
2024-05-11 00:00:00,6.194140911102295
2024-05-11 03:00:00,6.194140911102295
2024-05-11 06:00:00,6.194140911102295
2024-05-11 09:00:00,6.194140911102295
2024-05-11 12:00:00,6.194140911102295
2024-05-11 15:00:00,6.194140911102295
2024-05-11 18:00:00,6.194140911102295
2024-05-11 21:00:00,6.194140911102295
2024-05-12 00:00:00,6.194140911102295
2024-05-12 03:00:00,6.194140911102295
2024-05-12 06:00:00,6.194140911102295
2024-05-12 09:00:00,6.194140911102295
2024-05-12 12:00:00,6.194140911102295
2024-05-12 15:00:00,6.194140911102295
2024-05-12 18:00:00,6.194140911102295
2024-05-12 21:00:00,6.194140911102295
2024-05-13 00:00:00,6.194140911102295
2024-05-13 03:00:00,6.143641948699951
2024-05-13 06:00:00,6.143641948699951
2024-05-13 09:00:00,6.143641948699951
2024-05-13 12:00:00,6.143641948699951
2024-05-13 15:00:00,6.143641948699951
2024-05-13 18:00:00,6.143641948699951
2024-05-13 21:00:00,6.143641948699951
2024-05-14 00:00:00,6.143819808959961
2024-05-14 03:00:00,6.143819808959961
2024-05-14 06:00:00,6.143819808959961
2024-05-14 09:00:00,6.143819808959961
2024-05-14 12:00:00,6.143819808959961
2024-05-14 15:00:00,6.035704135894775
2024-05-14 18:00:00,6.035704135894775
2024-05-14 21:00:00,6.035704135894775
2024-05-15 00:00:00,6.035704135894775
2024-05-15 03:00:00,6.035704135894775
2024-05-15 06:00:00,6.035704135894775
2024-05-15 09:00:00,6.035704135894775
2024-05-15 12:00:00,6.035704135894775
2024-05-15 15:00:00,6.035704135894775
2024-05-15 18:00:00,6.035704135894775
2024-05-15 21:00:00,6.035704135894775
2024-05-16 00:00:00,6.035704135894775
2024-05-16 03:00:00,6.035704135894775
2024-05-16 06:00:00,6.035704135894775
2024-05-16 09:00:00,6.035704135894775
2024-05-16 12:00:00,6.035704135894775
2024-05-16 15:00:00,6.035704135894775
2024-05-16 18:00:00,6.035704135894775
2024-05-16 21:00:00,6.035704135894775
2024-05-17 00:00:00,5.962472915649414
2024-05-17 03:00:00,5.962472915649414
2024-05-17 06:00:00,5.962472915649414
2024-05-17 09:00:00,5.962472915649414
2024-05-17 12:00:00,5.962472915649414
2024-05-17 15:00:00,5.884700775146484
2024-05-17 18:00:00,5.884700775146484
2024-05-17 21:00:00,5.884700775146484
2024-05-18 00:00:00,5.884700775146484
2024-05-18 03:00:00,5.884700775146484
2024-05-18 06:00:00,5.884700775146484
2024-05-18 09:00:00,5.884700775146484
2024-05-18 12:00:00,5.884700775146484
2024-05-18 15:00:00,5.884700775146484
2024-05-18 18:00:00,5.884700775146484
2024-05-18 21:00:00,5.884700775146484
2024-05-19 00:00:00,5.884700775146484
2024-05-19 03:00:00,5.884700775146484
2024-05-19 06:00:00,5.884700775146484
2024-05-19 09:00:00,5.884700775146484
2024-05-19 12:00:00,5.884700775146484
2024-05-19 15:00:00,5.884700775146484
2024-05-19 18:00:00,5.884700775146484
2024-05-19 21:00:00,5.884700775146484
2024-05-20 00:00:00,5.884700775146484
2024-05-20 03:00:00,5.884700775146484
2024-05-20 06:00:00,5.884700775146484
2024-05-20 09:00:00,5.884700775146484
2024-05-20 12:00:00,6.003026485443115
2024-05-20 15:00:00,6.003026485443115
2024-05-20 18:00:00,6.003026485443115
2024-05-20 21:00:00,6.055480480194092
2024-05-21 00:00:00,6.055480480194092
2024-05-21 03:00:00,6.055480480194092
2024-05-21 06:00:00,6.055480480194092
2024-05-21 09:00:00,6.055480480194092
2024-05-21 12:00:00,6.055480480194092
2024-05-21 15:00:00,6.055480480194092
2024-05-21 18:00:00,6.055480480194092
2024-05-21 21:00:00,6.055480480194092
2024-05-22 00:00:00,6.055480480194092
2024-05-22 03:00:00,6.055480480194092
2024-05-22 06:00:00,6.055480480194092
2024-05-22 09:00:00,6.055480480194092
2024-05-22 12:00:00,6.055480480194092
2024-05-22 15:00:00,6.055480480194092
2024-05-22 18:00:00,6.055480480194092
2024-05-22 21:00:00,6.055480480194092
2024-05-23 00:00:00,6.055480480194092
2024-05-23 03:00:00,6.055480480194092
2024-05-23 06:00:00,6.055480480194092
2024-05-23 09:00:00,6.055480480194092
2024-05-23 12:00:00,6.055480480194092
2024-05-23 15:00:00,6.055480480194092
2024-05-23 18:00:00,6.055480480194092
2024-05-23 21:00:00,6.055480480194092
2024-05-24 00:00:00,6.055480480194092
2024-05-24 03:00:00,6.055480480194092
2024-05-24 06:00:00,6.055480480194092
2024-05-24 09:00:00,6.055480480194092
2024-05-24 12:00:00,6.055480480194092
2024-05-24 15:00:00,6.055480480194092
2024-05-24 18:00:00,6.055480480194092
2024-05-24 21:00:00,6.055480480194092
2024-05-25 00:00:00,6.055480480194092
2024-05-25 03:00:00,6.055480480194092
2024-05-25 06:00:00,6.055480480194092
2024-05-25 09:00:00,6.055480480194092
2024-05-25 12:00:00,6.055480480194092
2024-05-25 15:00:00,6.055480480194092
2024-05-25 18:00:00,6.055480480194092
2024-05-25 21:00:00,6.055480480194092
2024-05-26 00:00:00,6.055480480194092
2024-05-26 03:00:00,6.055480480194092
2024-05-26 06:00:00,6.055480480194092
2024-05-26 09:00:00,6.055480480194092
2024-05-26 12:00:00,6.055480480194092
2024-05-26 15:00:00,6.055480480194092
2024-05-26 18:00:00,6.055480480194092
2024-05-26 21:00:00,6.055480480194092
2024-05-27 00:00:00,6.055480480194092
2024-05-27 03:00:00,6.055480480194092
2024-05-27 06:00:00,6.055480480194092
2024-05-27 09:00:00,6.055480480194092
2024-05-27 12:00:00,6.055480480194092
2024-05-27 15:00:00,6.055480480194092
2024-05-27 18:00:00,6.055480480194092
2024-05-27 21:00:00,6.055480480194092
2024-05-28 00:00:00,6.175388813018799
2024-05-28 03:00:00,6.175388813018799
2024-05-28 06:00:00,6.175388813018799
2024-05-28 09:00:00,6.175388813018799
2024-05-28 12:00:00,6.175388813018799
2024-05-28 15:00:00,6.175388813018799
2024-05-28 18:00:00,6.554615497589111
2024-05-28 21:00:00,6.554615497589111
2024-05-29 00:00:00,6.554615497589111
2024-05-29 03:00:00,6.554615497589111
2024-05-29 06:00:00,6.494451522827148
2024-05-29 09:00:00,6.494451522827148
2024-05-29 12:00:00,6.494451522827148
2024-05-29 15:00:00,6.440828323364258
2024-05-29 18:00:00,6.440828323364258
2024-05-29 21:00:00,6.440828323364258
2024-05-30 00:00:00,6.440828323364258
2024-05-30 03:00:00,6.440828323364258
2024-05-30 06:00:00,6.440828323364258
2024-05-30 09:00:00,6.440828323364258
2024-05-30 12:00:00,6.4290289878845215
2024-05-30 15:00:00,6.4290289878845215
2024-05-30 18:00:00,6.4290289878845215
2024-05-30 21:00:00,6.4290289878845215
2024-05-31 00:00:00,6.4290289878845215
2024-05-31 03:00:00,6.4290289878845215
2024-05-31 06:00:00,6.4290289878845215
2024-05-31 09:00:00,6.4290289878845215
2024-05-31 12:00:00,6.553541660308838
2024-05-31 15:00:00,6.553541660308838
2024-05-31 18:00:00,6.7381672859191895
2024-05-31 21:00:00,6.7381672859191895
2024-06-01 00:00:00,6.7381672859191895
2024-06-01 03:00:00,6.7381672859191895
2024-06-01 06:00:00,6.7381672859191895
2024-06-01 09:00:00,6.7381672859191895
2024-06-01 12:00:00,6.6714653968811035
2024-06-01 15:00:00,6.6714653968811035
2024-06-01 18:00:00,6.610151290893555
2024-06-01 21:00:00,6.610151290893555
2024-06-02 00:00:00,6.7710652351379395
2024-06-02 03:00:00,6.7710652351379395
2024-06-02 06:00:00,6.7710652351379395
2024-06-02 09:00:00,6.7710652351379395
2024-06-02 12:00:00,6.7710652351379395
2024-06-02 15:00:00,6.7710652351379395
2024-06-02 18:00:00,6.7710652351379395
2024-06-02 21:00:00,6.7710652351379395
2024-06-03 00:00:00,6.7710652351379395
2024-06-03 03:00:00,6.7710652351379395
2024-06-03 06:00:00,6.7710652351379395
2024-06-03 09:00:00,6.7710652351379395
2024-06-03 12:00:00,6.7710652351379395
2024-06-03 15:00:00,6.7710652351379395
2024-06-03 18:00:00,6.7710652351379395
2024-06-03 21:00:00,6.7710652351379395
2024-06-04 00:00:00,6.848649501800537
2024-06-04 03:00:00,7.000356674194336
2024-06-04 06:00:00,7.000356674194336
2024-06-04 09:00:00,7.000356674194336
2024-06-04 12:00:00,7.000356674194336
2024-06-04 15:00:00,7.000356674194336
2024-06-04 18:00:00,7.110016345977783
2024-06-04 21:00:00,6.958309173583984
2024-06-05 00:00:00,7.107941150665283
2024-06-05 03:00:00,7.107941150665283
2024-06-05 06:00:00,7.107941150665283
2024-06-05 09:00:00,7.25964879989624
2024-06-05 12:00:00,7.25964879989624
2024-06-05 15:00:00,7.25964879989624
2024-06-05 18:00:00,7.333591938018799
2024-06-05 21:00:00,7.333591938018799
2024-06-06 00:00:00,7.333591938018799
2024-06-06 03:00:00,7.333591938018799
2024-06-06 06:00:00,7.333591938018799
2024-06-06 09:00:00,7.333591938018799
2024-06-06 12:00:00,7.333591938018799
2024-06-06 15:00:00,7.333591938018799
2024-06-06 18:00:00,7.333591938018799
2024-06-06 21:00:00,7.333591938018799
2024-06-07 00:00:00,7.333591938018799
2024-06-07 03:00:00,7.333591938018799
2024-06-07 06:00:00,7.333591938018799
2024-06-07 09:00:00,7.333591938018799
2024-06-07 12:00:00,7.333591938018799
2024-06-07 15:00:00,7.333591938018799
2024-06-07 18:00:00,7.333591938018799
2024-06-07 21:00:00,7.333591938018799
2024-06-08 00:00:00,7.333591938018799
2024-06-08 03:00:00,7.538262844085693
2024-06-08 06:00:00,7.373856067657471
2024-06-08 09:00:00,7.373856067657471
2024-06-08 12:00:00,7.280320644378662
2024-06-08 15:00:00,7.162636756896973
2024-06-08 18:00:00,7.162636756896973
2024-06-08 21:00:00,7.162636756896973
2024-06-09 00:00:00,7.162636756896973
2024-06-09 03:00:00,7.162636756896973
2024-06-09 06:00:00,7.162636756896973
2024-06-09 09:00:00,7.162636756896973
2024-06-09 12:00:00,7.162636756896973
2024-06-09 15:00:00,7.162636756896973
2024-06-09 18:00:00,7.162636756896973
2024-06-09 21:00:00,7.162636756896973
2024-06-10 00:00:00,7.162636756896973
2024-06-10 03:00:00,7.162636756896973
2024-06-10 06:00:00,7.162636756896973
2024-06-10 09:00:00,7.162636756896973
2024-06-10 12:00:00,7.162636756896973
2024-06-10 15:00:00,7.162636756896973
2024-06-10 18:00:00,7.162636756896973
2024-06-10 21:00:00,7.285653114318848
2024-06-11 00:00:00,7.285653114318848
2024-06-11 03:00:00,7.285653114318848
2024-06-11 06:00:00,7.285653114318848
2024-06-11 09:00:00,7.285653114318848
2024-06-11 12:00:00,7.285653114318848
2024-06-11 15:00:00,7.285653114318848
2024-06-11 18:00:00,7.285653114318848
2024-06-11 21:00:00,7.265663146972656
2024-06-12 00:00:00,7.160947799682617
2024-06-12 03:00:00,6.970006942749023
2024-06-12 06:00:00,7.073556423187256
2024-06-12 09:00:00,7.054229259490967
2024-06-12 12:00:00,7.0923967361450195
2024-06-12 15:00:00,7.347329139709473
2024-06-12 18:00:00,7.35080099105835
2024-06-12 21:00:00,7.35080099105835
2024-06-13 00:00:00,7.35080099105835
2024-06-13 03:00:00,7.35080099105835
2024-06-13 06:00:00,7.35080099105835
2024-06-13 09:00:00,7.35080099105835
2024-06-13 12:00:00,7.35080099105835
2024-06-13 15:00:00,7.35080099105835
2024-06-13 18:00:00,7.337863445281982
2024-06-13 21:00:00,7.337863445281982
2024-06-14 00:00:00,7.337863445281982
2024-06-14 03:00:00,7.337863445281982
2024-06-14 06:00:00,7.337863445281982
2024-06-14 09:00:00,7.337863445281982
2024-06-14 12:00:00,7.337863445281982
2024-06-14 15:00:00,7.337863445281982
2024-06-14 18:00:00,7.337863445281982
2024-06-14 21:00:00,7.337863445281982
2024-06-15 00:00:00,7.337863445281982
2024-06-15 03:00:00,7.296462535858154
2024-06-15 06:00:00,7.455183982849121
2024-06-15 09:00:00,7.455183982849121
2024-06-15 12:00:00,7.384331703186035
2024-06-15 15:00:00,7.40676212310791
2024-06-15 18:00:00,7.40676212310791
2024-06-15 21:00:00,7.420332431793213
2024-06-16 00:00:00,5.103080749511719
2024-06-16 03:00:00,5.103080749511719
2024-06-16 06:00:00,5.103080749511719
2024-06-16 09:00:00,5.086180686950684
2024-06-16 12:00:00,5.0263566970825195
2024-06-16 15:00:00,5.007328033447266
2024-06-16 18:00:00,5.007328033447266
2024-06-16 21:00:00,5.007328033447266
2024-06-17 00:00:00,5.007328033447266
2024-06-17 03:00:00,5.007328033447266
2024-06-17 06:00:00,5.007328033447266
2024-06-17 09:00:00,5.007328033447266
2024-06-17 12:00:00,4.979176998138428
2024-06-17 15:00:00,4.979176998138428
2024-06-17 18:00:00,4.979176998138428
2024-06-17 21:00:00,4.979176998138428
2024-06-18 00:00:00,4.979176998138428
2024-06-18 03:00:00,4.979176998138428
2024-06-18 06:00:00,4.979176998138428
2024-06-18 09:00:00,4.979176998138428
2024-06-18 12:00:00,4.979176998138428
2024-06-18 15:00:00,4.979176998138428
2024-06-18 18:00:00,4.979176998138428
2024-06-18 21:00:00,4.979176998138428
2024-06-19 00:00:00,4.979176998138428
2024-06-19 03:00:00,4.979176998138428
2024-06-19 06:00:00,4.908029079437256
2024-06-19 09:00:00,4.669432640075684
2024-06-19 12:00:00,4.669432640075684
2024-06-19 15:00:00,4.598773002624512
2024-06-19 18:00:00,3.349947214126587
2024-06-19 21:00:00,2.800618886947632
2024-06-20 00:00:00,2.590137481689453
2024-06-20 03:00:00,2.5663394927978516
2024-06-20 06:00:00,2.6177337169647217
2024-06-20 09:00:00,2.6028947830200195
2024-06-20 12:00:00,2.6177337169647217
2024-06-20 15:00:00,2.6177337169647217
2024-06-20 18:00:00,2.6177337169647217
2024-06-20 21:00:00,2.6177337169647217
2024-06-21 00:00:00,2.6177337169647217
2024-06-21 03:00:00,2.6177337169647217
2024-06-21 06:00:00,2.6177337169647217
2024-06-21 09:00:00,2.6177337169647217
2024-06-21 12:00:00,2.6177337169647217
2024-06-21 15:00:00,2.6177337169647217
2024-06-21 18:00:00,2.5125131607055664
2024-06-21 21:00:00,2.5125131607055664
2024-06-22 00:00:00,2.4976742267608643
2024-06-22 03:00:00,2.4976742267608643
2024-06-22 06:00:00,2.4976742267608643
2024-06-22 09:00:00,2.4976742267608643
2024-06-22 12:00:00,2.4976742267608643
2024-06-22 15:00:00,2.4976742267608643
2024-06-22 18:00:00,2.446667194366455
2024-06-22 21:00:00,2.446667194366455
2024-06-23 00:00:00,2.2987611293792725
2024-06-23 03:00:00,2.130462884902954
2024-06-23 06:00:00,2.178682804107666
2024-06-23 09:00:00,2.248541831970215
2024-06-23 12:00:00,2.248541831970215
2024-06-23 15:00:00,2.2555806636810303
2024-06-23 18:00:00,2.2555806636810303
2024-06-23 21:00:00,2.1417810916900635
2024-06-24 00:00:00,2.1417810916900635
2024-06-24 03:00:00,2.1417810916900635
2024-06-24 06:00:00,2.1417810916900635
2024-06-24 09:00:00,2.1417810916900635
2024-06-24 12:00:00,2.1417810916900635
2024-06-24 15:00:00,2.1417810916900635
2024-06-24 18:00:00,2.1417810916900635
2024-06-24 21:00:00,2.1417810916900635
2024-06-25 00:00:00,2.1417810916900635
2024-06-25 03:00:00,2.1417810916900635
2024-06-25 06:00:00,2.1417810916900635
2024-06-25 09:00:00,2.0234792232513428
2024-06-25 12:00:00,2.0234792232513428
2024-06-25 15:00:00,2.0234792232513428
2024-06-25 18:00:00,2.0234792232513428
2024-06-25 21:00:00,2.0234792232513428
2024-06-26 00:00:00,2.0234792232513428
2024-06-26 03:00:00,2.0234792232513428
2024-06-26 06:00:00,2.0234792232513428
2024-06-26 09:00:00,2.0234792232513428
2024-06-26 12:00:00,2.0330331325531006
2024-06-26 15:00:00,2.0330331325531006
2024-06-26 18:00:00,2.0153958797454834
2024-06-26 21:00:00,2.0468857288360596
2024-06-27 00:00:00,2.0060737133026123
2024-06-27 03:00:00,1.9720637798309326
2024-06-27 06:00:00,1.9745666980743408
2024-06-27 09:00:00,2.0124640464782715
2024-06-27 12:00:00,2.2235846519470215
2024-06-27 15:00:00,2.202841281890869
2024-06-27 18:00:00,2.202841281890869
2024-06-27 21:00:00,2.2583718299865723
2024-06-28 00:00:00,2.2583718299865723
2024-06-28 03:00:00,2.2583718299865723
2024-06-28 06:00:00,2.2583718299865723
2024-06-28 09:00:00,2.2583718299865723
2024-06-28 12:00:00,2.2583718299865723
2024-06-28 15:00:00,2.2583718299865723
2024-06-28 18:00:00,2.2583718299865723
2024-06-28 21:00:00,2.2583718299865723
2024-06-29 00:00:00,2.2583718299865723
2024-06-29 03:00:00,2.2583718299865723
2024-06-29 06:00:00,2.2583718299865723
2024-06-29 09:00:00,2.2583718299865723
2024-06-29 12:00:00,2.2583718299865723
2024-06-29 15:00:00,2.2583718299865723
2024-06-29 18:00:00,2.2289440631866455
2024-06-29 21:00:00,2.2289440631866455
2024-06-30 00:00:00,2.2289440631866455
2024-06-30 03:00:00,2.19750714302063
2024-06-30 06:00:00,2.19750714302063
2024-06-30 09:00:00,2.19750714302063
2024-06-30 12:00:00,2.2206168174743652
2024-06-30 15:00:00,2.2206168174743652
2024-06-30 18:00:00,2.2206168174743652
2024-06-30 21:00:00,2.2206168174743652
2024-07-01 00:00:00,2.2206168174743652
2024-07-01 03:00:00,2.2341597080230713
2024-07-01 06:00:00,2.2341597080230713
2024-07-01 09:00:00,2.2341597080230713
2024-07-01 12:00:00,2.229428291320801
2024-07-01 15:00:00,2.210484027862549
2024-07-01 18:00:00,2.210484027862549
2024-07-01 21:00:00,2.210484027862549
2024-07-02 00:00:00,2.210484027862549
2024-07-02 03:00:00,2.210484027862549
2024-07-02 06:00:00,2.210484027862549
2024-07-02 09:00:00,2.210484027862549
2024-07-02 12:00:00,2.210484027862549
2024-07-02 15:00:00,2.1873743534088135
2024-07-02 18:00:00,2.1873743534088135
2024-07-02 21:00:00,2.1873743534088135
2024-07-03 00:00:00,2.1873743534088135
2024-07-03 03:00:00,2.1873743534088135
2024-07-03 06:00:00,2.1873743534088135
2024-07-03 09:00:00,2.1873743534088135
2024-07-03 12:00:00,2.1873743534088135
2024-07-03 15:00:00,2.1873743534088135
2024-07-03 18:00:00,2.176300048828125
2024-07-03 21:00:00,2.176300048828125
2024-07-04 00:00:00,2.176300048828125
2024-07-04 03:00:00,2.176300048828125
2024-07-04 06:00:00,2.1412627696990967
2024-07-04 09:00:00,2.137410879135132
2024-07-04 12:00:00,2.137410879135132
2024-07-04 15:00:00,2.131014347076416
2024-07-04 18:00:00,2.119593381881714
2024-07-04 21:00:00,2.119593381881714
2024-07-05 00:00:00,2.119593381881714
2024-07-05 03:00:00,2.119593381881714
2024-07-05 06:00:00,2.119593381881714
2024-07-05 09:00:00,2.119593381881714
2024-07-05 12:00:00,2.119593381881714
2024-07-05 15:00:00,2.119593381881714
2024-07-05 18:00:00,2.0393216609954834
2024-07-05 21:00:00,2.0393216609954834
2024-07-06 00:00:00,2.0393216609954834
2024-07-06 03:00:00,2.0393216609954834
2024-07-06 06:00:00,2.0393216609954834
2024-07-06 09:00:00,2.0393216609954834
2024-07-06 12:00:00,2.0393216609954834
2024-07-06 15:00:00,2.113327980041504
2024-07-06 18:00:00,2.113327980041504
2024-07-06 21:00:00,2.113327980041504
2024-07-07 00:00:00,2.113327980041504
2024-07-07 03:00:00,2.047417640686035
2024-07-07 06:00:00,2.047417640686035
2024-07-07 09:00:00,2.0089516639709473
2024-07-07 12:00:00,2.0089516639709473
2024-07-07 15:00:00,2.0089516639709473
2024-07-07 18:00:00,2.0089516639709473
2024-07-07 21:00:00,1.9641852378845215
2024-07-08 00:00:00,2.013352155685425
2024-07-08 03:00:00,1.9328348636627197
2024-07-08 06:00:00,1.9579908847808838
2024-07-08 09:00:00,1.9416167736053467
2024-07-08 12:00:00,1.9416167736053467
2024-07-08 15:00:00,1.9416167736053467
2024-07-08 18:00:00,1.9416167736053467
2024-07-08 21:00:00,1.9416167736053467
2024-07-09 00:00:00,1.9416167736053467
2024-07-09 03:00:00,1.9416167736053467
2024-07-09 06:00:00,1.9416167736053467
2024-07-09 09:00:00,2.0075278282165527
2024-07-09 12:00:00,2.0075278282165527
2024-07-09 15:00:00,2.0075278282165527
2024-07-09 18:00:00,2.0075278282165527
2024-07-09 21:00:00,2.030637741088867
2024-07-10 00:00:00,2.030637741088867
2024-07-10 03:00:00,2.0333073139190674
2024-07-10 06:00:00,2.0452096462249756
2024-07-10 09:00:00,2.0821967124938965
2024-07-10 12:00:00,2.0821967124938965
2024-07-10 15:00:00,2.0821967124938965
2024-07-10 18:00:00,2.0821967124938965
2024-07-10 21:00:00,2.0821967124938965
2024-07-11 00:00:00,2.0821967124938965
2024-07-11 03:00:00,2.0805294513702393
2024-07-11 06:00:00,2.0805294513702393
2024-07-11 09:00:00,2.087348699569702
2024-07-11 12:00:00,2.087348699569702
2024-07-11 15:00:00,2.121426582336426
2024-07-11 18:00:00,2.130511999130249
2024-07-11 21:00:00,2.122295379638672
2024-07-12 00:00:00,2.122295379638672
2024-07-12 03:00:00,2.122295379638672
2024-07-12 06:00:00,2.122295379638672
2024-07-12 09:00:00,2.122295379638672
2024-07-12 12:00:00,2.122295379638672
2024-07-12 15:00:00,2.122295379638672
2024-07-12 18:00:00,2.122295379638672
2024-07-12 21:00:00,2.122295379638672
2024-07-13 00:00:00,2.100294351577759
2024-07-13 03:00:00,2.100294351577759
2024-07-13 06:00:00,2.100294351577759
2024-07-13 09:00:00,2.101961612701416
2024-07-13 12:00:00,2.101961612701416
2024-07-13 15:00:00,2.0732336044311523
2024-07-13 18:00:00,2.0952346324920654
2024-07-13 21:00:00,2.0952346324920654
2024-07-14 00:00:00,2.0847349166870117
2024-07-14 03:00:00,2.0847349166870117
2024-07-14 06:00:00,2.0627341270446777
2024-07-14 09:00:00,2.0627341270446777
2024-07-14 12:00:00,2.0610668659210205
2024-07-14 15:00:00,2.1361680030822754
2024-07-14 18:00:00,2.1361680030822754
2024-07-14 21:00:00,2.1347815990448
2024-07-15 00:00:00,2.1347815990448
2024-07-15 03:00:00,2.136448621749878
2024-07-15 06:00:00,2.1658763885498047
2024-07-15 09:00:00,2.1091699600219727
2024-07-15 12:00:00,2.0662341117858887
2024-07-15 15:00:00,2.0662341117858887
2024-07-15 18:00:00,2.0662341117858887
2024-07-15 21:00:00,2.0662341117858887
2024-07-16 00:00:00,2.018991231918335
2024-07-16 03:00:00,2.018991231918335
2024-07-16 06:00:00,2.018991231918335
2024-07-16 09:00:00,2.018991231918335
2024-07-16 12:00:00,2.018991231918335
2024-07-16 15:00:00,2.018991231918335
2024-07-16 18:00:00,2.018991231918335
2024-07-16 21:00:00,1.9958820343017578
2024-07-17 00:00:00,2.018991231918335
2024-07-17 03:00:00,2.0012359619140625
2024-07-17 06:00:00,2.018991231918335
2024-07-17 09:00:00,2.018991231918335
2024-07-17 12:00:00,2.018991231918335
2024-07-17 15:00:00,2.018991231918335
2024-07-17 18:00:00,2.018991231918335
2024-07-17 21:00:00,2.018991231918335
2024-07-18 00:00:00,2.018991231918335
2024-07-18 03:00:00,2.018991231918335
2024-07-18 06:00:00,2.018991231918335
2024-07-18 09:00:00,1.9932520389556885
2024-07-18 12:00:00,1.9915850162506104
2024-07-18 15:00:00,1.9915850162506104
2024-07-18 18:00:00,1.9915850162506104
2024-07-18 21:00:00,1.99334716796875
2024-07-19 00:00:00,2.01139497756958
2024-07-19 03:00:00,1.9837982654571533
2024-07-19 06:00:00,1.9448316097259521
2024-07-19 09:00:00,1.9448316097259521
2024-07-19 12:00:00,1.9178636074066162
2024-07-19 15:00:00,1.9178636074066162
2024-07-19 18:00:00,1.906212329864502
2024-07-19 21:00:00,1.906212329864502
2024-07-20 00:00:00,1.8884565830230713
2024-07-20 03:00:00,1.8884565830230713
2024-07-20 06:00:00,1.8952126502990723
2024-07-20 09:00:00,1.8991608619689941
2024-07-20 12:00:00,1.9222707748413086
2024-07-20 15:00:00,1.9222707748413086
2024-07-20 18:00:00,1.9178106784820557
2024-07-20 21:00:00,1.9178106784820557
2024-07-21 00:00:00,1.916048526763916
2024-07-21 03:00:00,1.916048526763916
2024-07-21 06:00:00,1.916048526763916
2024-07-21 09:00:00,1.916048526763916
2024-07-21 12:00:00,1.7020211219787598
2024-07-21 15:00:00,1.7010085582733154
2024-07-21 18:00:00,1.7153477668762207
2024-07-21 21:00:00,1.6697838306427002
2024-07-22 00:00:00,1.6321303844451904
2024-07-22 03:00:00,1.6321303844451904
2024-07-22 06:00:00,1.5596518516540527
2024-07-22 09:00:00,1.6013603210449219
2024-07-22 12:00:00,1.6013603210449219
2024-07-22 15:00:00,1.6013603210449219
2024-07-22 18:00:00,1.5455920696258545
2024-07-22 21:00:00,1.5562810897827148
2024-07-23 00:00:00,1.5502046346664429
2024-07-23 03:00:00,1.5502046346664429
2024-07-23 06:00:00,1.5502046346664429
2024-07-23 09:00:00,1.5502046346664429
2024-07-23 12:00:00,1.5502046346664429
2024-07-23 15:00:00,1.622287392616272
2024-07-23 18:00:00,1.622287392616272
2024-07-23 21:00:00,1.6301569938659668
2024-07-24 00:00:00,1.622287392616272
2024-07-24 03:00:00,1.6841319799423218
2024-07-24 06:00:00,1.7217854261398315
2024-07-24 09:00:00,1.8176432847976685
2024-07-24 12:00:00,1.8176432847976685
2024-07-24 15:00:00,1.7296550273895264
2024-07-24 18:00:00,1.7116613388061523
2024-07-24 21:00:00,1.6457500457763672
2024-07-25 00:00:00,1.5736674070358276
2024-07-25 03:00:00,1.5736674070358276
2024-07-25 06:00:00,1.5657978057861328
2024-07-25 09:00:00,1.5657978057861328
2024-07-25 12:00:00,1.503953218460083
2024-07-25 15:00:00,1.505627989768982
2024-07-25 18:00:00,1.505627989768982
2024-07-25 21:00:00,1.505627989768982
2024-07-26 00:00:00,1.5765807628631592
2024-07-26 03:00:00,1.3405840396881104
2024-07-26 06:00:00,1.2718558311462402
2024-07-26 09:00:00,1.3180265426635742
2024-07-26 12:00:00,1.4087436199188232
2024-07-26 15:00:00,1.373080849647522
2024-07-26 18:00:00,1.3809226751327515
2024-07-26 21:00:00,1.409781575202942
2024-07-27 00:00:00,1.409781575202942
2024-07-27 03:00:00,1.434964895248413
2024-07-27 06:00:00,1.4392807483673096
2024-07-27 09:00:00,1.4392807483673096
2024-07-27 12:00:00,1.4392807483673096
2024-07-27 15:00:00,1.409781575202942
2024-07-27 18:00:00,1.4749435186386108
2024-07-27 21:00:00,1.4749435186386108
2024-07-28 00:00:00,1.4749435186386108
2024-07-28 03:00:00,1.4505701065063477
2024-07-28 06:00:00,1.525495171546936
2024-07-28 09:00:00,1.5151091814041138
2024-07-28 12:00:00,1.5749109983444214
2024-07-28 15:00:00,1.5626875162124634
2024-07-28 18:00:00,1.6156501770019531
2024-07-28 21:00:00,1.6307896375656128
2024-07-29 00:00:00,1.6307896375656128
2024-07-29 03:00:00,1.6156501770019531
2024-07-29 06:00:00,1.6533557176589966
2024-07-29 09:00:00,1.6726969480514526
2024-07-29 12:00:00,1.6403350830078125
2024-07-29 15:00:00,1.6411421298980713
2024-07-29 18:00:00,1.582372784614563
2024-07-29 21:00:00,1.554369330406189
2024-07-30 00:00:00,1.6350197792053223
2024-07-30 03:00:00,1.5920166969299316
2024-07-30 06:00:00,1.4961135387420654
2024-07-30 09:00:00,1.6820118427276611
2024-07-30 12:00:00,1.7686398029327393
2024-07-30 15:00:00,1.7067952156066895
2024-07-30 18:00:00,1.7067952156066895
2024-07-30 21:00:00,1.7686398029327393
2024-07-31 00:00:00,1.7459657192230225
2024-07-31 03:00:00,1.8180484771728516
2024-07-31 06:00:00,1.8180484771728516
2024-07-31 09:00:00,1.7442662715911865
2024-07-31 12:00:00,1.8475477695465088
2024-07-31 15:00:00,1.8180484771728516
2024-07-31 18:00:00,1.7703392505645752
2024-07-31 21:00:00,1.803689956665039
2024-08-01 00:00:00,1.7319002151489258
2024-08-01 03:00:00,1.7319002151489258
2024-08-01 06:00:00,1.7319002151489258
2024-08-01 09:00:00,1.714965581893921
2024-08-01 12:00:00,1.7319002151489258
2024-08-01 15:00:00,1.7427178621292114
2024-08-01 18:00:00,1.7427178621292114
2024-08-01 21:00:00,1.6676164865493774
2024-08-02 00:00:00,1.6885982751846313
2024-08-02 03:00:00,1.6440826654434204
2024-08-02 06:00:00,1.6411069631576538
2024-08-02 09:00:00,1.5512371063232422
2024-08-02 12:00:00,1.7134913206100464
2024-08-02 15:00:00,1.811202883720398
2024-08-02 18:00:00,1.7969731092453003
2024-08-02 21:00:00,1.810230016708374
2024-08-03 00:00:00,1.7969731092453003
2024-08-03 03:00:00,1.812433123588562
2024-08-03 06:00:00,1.8169065713882446
2024-08-03 09:00:00,1.8287550210952759
2024-08-03 12:00:00,1.8163198232650757
2024-08-03 15:00:00,1.8163198232650757
2024-08-03 18:00:00,1.8884025812149048
2024-08-03 21:00:00,1.8163198232650757
2024-08-04 00:00:00,1.845819115638733
2024-08-04 03:00:00,1.8742121458053589
2024-08-04 06:00:00,1.8480793237686157
2024-08-04 09:00:00,1.811679720878601
2024-08-04 12:00:00,1.9441910982131958
2024-08-04 15:00:00,1.9441910982131958
2024-08-04 18:00:00,1.9441910982131958
2024-08-04 21:00:00,1.9333258867263794
2024-08-05 00:00:00,1.9636129140853882
2024-08-05 03:00:00,1.690869927406311
2024-08-05 06:00:00,1.6878465414047241
2024-08-05 09:00:00,2.022172212600708
2024-08-05 12:00:00,1.9800397157669067
2024-08-05 15:00:00,1.5983948707580566
2024-08-05 18:00:00,1.54172945022583
2024-08-05 21:00:00,1.6644141674041748
2024-08-06 00:00:00,1.6565723419189453
2024-08-06 03:00:00,1.668910026550293
2024-08-06 06:00:00,1.8056927919387817
2024-08-06 09:00:00,1.7273491621017456
2024-08-06 12:00:00,1.7273491621017456
2024-08-06 15:00:00,1.7282685041427612
2024-08-06 18:00:00,1.7282685041427612
2024-08-06 21:00:00,1.7282685041427612
2024-08-07 00:00:00,1.8059533834457397
2024-08-07 03:00:00,1.7974351644515991
2024-08-07 06:00:00,1.7577160596847534
2024-08-07 09:00:00,1.6706780195236206
2024-08-07 12:00:00,1.7171846628189087
2024-08-07 15:00:00,1.7379037141799927
2024-08-07 18:00:00,1.7575958967208862
2024-08-07 21:00:00,1.7661141157150269
2024-08-08 00:00:00,1.7661141157150269
2024-08-08 03:00:00,1.758339524269104
2024-08-08 06:00:00,1.758339524269104
2024-08-08 09:00:00,1.758339524269104
2024-08-08 12:00:00,1.758339524269104
2024-08-08 15:00:00,1.7166820764541626
2024-08-08 18:00:00,1.7166820764541626
2024-08-08 21:00:00,1.725509762763977
2024-08-09 00:00:00,1.7196236848831177
2024-08-09 03:00:00,1.653628945350647
2024-08-09 06:00:00,1.664925217628479
2024-08-09 09:00:00,1.6152430772781372
2024-08-09 12:00:00,1.6139451265335083
2024-08-09 15:00:00,1.5146392583847046
2024-08-09 18:00:00,1.4914473295211792
2024-08-09 21:00:00,1.4737850427627563
2024-08-10 00:00:00,1.4908595085144043
2024-08-10 03:00:00,1.504116415977478
2024-08-10 06:00:00,1.5240589380264282
2024-08-10 09:00:00,1.3463656902313232
2024-08-10 12:00:00,1.3660578727722168
2024-08-10 15:00:00,1.3660578727722168
2024-08-10 18:00:00,1.3660578727722168
2024-08-10 21:00:00,1.3719439506530762
2024-08-11 00:00:00,1.3522517681121826
2024-08-11 03:00:00,1.3719439506530762
2024-08-11 06:00:00,1.3707027435302734
2024-08-11 09:00:00,1.3283982276916504
2024-08-11 12:00:00,1.3157999515533447
2024-08-11 15:00:00,1.3542190790176392
2024-08-11 18:00:00,1.3632420301437378
2024-08-11 21:00:00,1.3542190790176392
2024-08-12 00:00:00,1.3542190790176392
2024-08-12 03:00:00,1.3542190790176392
2024-08-12 06:00:00,1.351975440979004
2024-08-12 09:00:00,1.3644821643829346
2024-08-12 12:00:00,1.3029042482376099
2024-08-12 15:00:00,1.3029042482376099
2024-08-12 18:00:00,1.3029042482376099
2024-08-12 21:00:00,1.2917287349700928
2024-08-13 00:00:00,1.2841355800628662
2024-08-13 03:00:00,1.3737090826034546
2024-08-13 06:00:00,1.3131988048553467
2024-08-13 09:00:00,0.9384126663208008
2024-08-13 12:00:00,0.9382379651069641
2024-08-13 15:00:00,0.9341090321540833
2024-08-13 18:00:00,0.9341090321540833
2024-08-13 21:00:00,0.9161153435707092
2024-08-14 00:00:00,0.9161153435707092
2024-08-14 03:00:00,0.9161153435707092
2024-08-14 06:00:00,0.9161153435707092
2024-08-14 09:00:00,0.9161153435707092
2024-08-14 12:00:00,0.9161153435707092
2024-08-14 15:00:00,0.9028089642524719
2024-08-14 18:00:00,0.9028089642524719
2024-08-14 21:00:00,0.9028089642524719
2024-08-15 00:00:00,0.9161153435707092
2024-08-15 03:00:00,0.9354200959205627
2024-08-15 06:00:00,0.9228038787841797
2024-08-15 09:00:00,0.9228038787841797
2024-08-15 12:00:00,0.9228038787841797
2024-08-15 15:00:00,0.9228038787841797
2024-08-15 18:00:00,0.9473458528518677
2024-08-15 21:00:00,0.9473458528518677
2024-08-16 00:00:00,0.9473458528518677
2024-08-16 03:00:00,0.9340394735336304
2024-08-16 06:00:00,0.9147347211837769
2024-08-16 09:00:00,0.897385835647583
2024-08-16 12:00:00,0.8641137480735779
2024-08-16 15:00:00,0.8641137480735779
2024-08-16 18:00:00,0.7205857038497925
2024-08-16 21:00:00,0.6778215169906616
2024-08-17 00:00:00,0.6620206832885742
2024-08-17 03:00:00,0.5954658389091492
2024-08-17 06:00:00,0.659079909324646
2024-08-17 09:00:00,0.5760829448699951
2024-08-17 12:00:00,0.6318108439445496
2024-08-17 15:00:00,0.5569093823432922
2024-08-17 18:00:00,0.5569093823432922
2024-08-17 21:00:00,0.5569093823432922
2024-08-18 00:00:00,0.5569093823432922
2024-08-18 03:00:00,0.5569093823432922
2024-08-18 06:00:00,0.5569093823432922
2024-08-18 09:00:00,0.5569093823432922
2024-08-18 12:00:00,0.5569093823432922
2024-08-18 15:00:00,0.5569093823432922
2024-08-18 18:00:00,0.5569093823432922
2024-08-18 21:00:00,0.5569093823432922
2024-08-19 00:00:00,0.5569093823432922
2024-08-19 03:00:00,0.6050344109535217
2024-08-19 06:00:00,0.6050344109535217
2024-08-19 09:00:00,0.606096625328064
2024-08-19 12:00:00,0.5961261987686157
2024-08-19 15:00:00,0.5961261987686157
2024-08-19 18:00:00,0.5961261987686157
2024-08-19 21:00:00,0.5961261987686157
2024-08-20 00:00:00,0.5961261987686157
2024-08-20 03:00:00,0.5953852534294128
2024-08-20 06:00:00,0.5953852534294128
2024-08-20 09:00:00,0.5944525599479675
2024-08-20 12:00:00,0.586700439453125
2024-08-20 15:00:00,0.5658803582191467
2024-08-20 18:00:00,0.5736324787139893
2024-08-20 21:00:00,0.5381572842597961
2024-08-21 00:00:00,0.5396817326545715
2024-08-21 03:00:00,0.5506541132926941
2024-08-21 06:00:00,0.5499412417411804
2024-08-21 09:00:00,0.5064034461975098
2024-08-21 12:00:00,0.5079053640365601
2024-08-21 15:00:00,0.5079053640365601
2024-08-21 18:00:00,0.5079053640365601
2024-08-21 21:00:00,0.5079053640365601
2024-08-22 00:00:00,0.5079053640365601
2024-08-22 03:00:00,0.5079053640365601
2024-08-22 06:00:00,0.5079053640365601
2024-08-22 09:00:00,0.5079053640365601
2024-08-22 12:00:00,0.5079053640365601
2024-08-22 15:00:00,0.5371329188346863
2024-08-22 18:00:00,0.5371329188346863
2024-08-22 21:00:00,0.5410639047622681
2024-08-23 00:00:00,0.5410639047622681
2024-08-23 03:00:00,0.5378861427307129
2024-08-23 06:00:00,0.5378861427307129
2024-08-23 09:00:00,0.5378861427307129
2024-08-23 12:00:00,0.5378861427307129
2024-08-23 15:00:00,0.5335853099822998
2024-08-23 18:00:00,0.5335853099822998
2024-08-23 21:00:00,0.5335853099822998
2024-08-24 00:00:00,0.5339430570602417
2024-08-24 03:00:00,0.5339430570602417
2024-08-24 06:00:00,0.5339430570602417
2024-08-24 09:00:00,0.5339430570602417
2024-08-24 12:00:00,0.5339430570602417
2024-08-24 15:00:00,0.5298027992248535
2024-08-24 18:00:00,0.5002396702766418
2024-08-24 21:00:00,0.5051089525222778
2024-08-25 00:00:00,0.5116449594497681
2024-08-25 03:00:00,0.5125776529312134
2024-08-25 06:00:00,0.5125776529312134
2024-08-25 09:00:00,0.5125776529312134
2024-08-25 12:00:00,0.5125776529312134
2024-08-25 15:00:00,0.5125776529312134
2024-08-25 18:00:00,0.5125776529312134
2024-08-25 21:00:00,0.5125776529312134
2024-08-26 00:00:00,0.5125776529312134
2024-08-26 03:00:00,0.5125776529312134
2024-08-26 06:00:00,0.5125776529312134
2024-08-26 09:00:00,0.5125776529312134
2024-08-26 12:00:00,0.5125776529312134
2024-08-26 15:00:00,0.5125776529312134
2024-08-26 18:00:00,0.5125776529312134
2024-08-26 21:00:00,0.5125776529312134
2024-08-27 00:00:00,0.5065474510192871
2024-08-27 03:00:00,0.5116449594497681
2024-08-27 06:00:00,0.5280763506889343
2024-08-27 09:00:00,0.5280763506889343
2024-08-27 12:00:00,0.5229788422584534
2024-08-27 15:00:00,0.5229788422584534
2024-08-27 18:00:00,0.5229788422584534
2024-08-27 21:00:00,0.5229788422584534
2024-08-28 00:00:00,0.5229788422584534
2024-08-28 03:00:00,0.5205704569816589
2024-08-28 06:00:00,0.5205704569816589
2024-08-28 09:00:00,0.5256679654121399
2024-08-28 12:00:00,0.5228303670883179
2024-08-28 15:00:00,0.5228303670883179
2024-08-28 18:00:00,0.5228303670883179
2024-08-28 21:00:00,0.5246777534484863
2024-08-29 00:00:00,0.5246777534484863
2024-08-29 03:00:00,0.5246777534484863
2024-08-29 06:00:00,0.5246777534484863
2024-08-29 09:00:00,0.5246777534484863
2024-08-29 12:00:00,0.5246777534484863
2024-08-29 15:00:00,0.5246777534484863
2024-08-29 18:00:00,0.5246777534484863
2024-08-29 21:00:00,0.5246777534484863
2024-08-30 00:00:00,0.5203742980957031
2024-08-30 03:00:00,0.5136050581932068
2024-08-30 06:00:00,0.5170992612838745
2024-08-30 09:00:00,0.5170992612838745
2024-08-30 12:00:00,0.5170992612838745
2024-08-30 15:00:00,0.5170992612838745
2024-08-30 18:00:00,0.5221967697143555
2024-08-30 21:00:00,0.5170992612838745
2024-08-31 00:00:00,0.5170992612838745
2024-08-31 03:00:00,0.5170992612838745
2024-08-31 06:00:00,0.5170992612838745
2024-08-31 09:00:00,0.5170992612838745
2024-08-31 12:00:00,0.5136933922767639
2024-08-31 15:00:00,0.5141358375549316
2024-08-31 18:00:00,0.5102704763412476
2024-08-31 21:00:00,0.5136933922767639
2024-09-01 00:00:00,0.5154883861541748
2024-09-01 03:00:00,0.5154883861541748
2024-09-01 06:00:00,0.5154883861541748
2024-09-01 09:00:00,0.5154883861541748
2024-09-01 12:00:00,0.5154883861541748
2024-09-01 15:00:00,0.5154883861541748
2024-09-01 18:00:00,0.5287944674491882
2024-09-01 21:00:00,0.5297510027885437
2024-09-02 00:00:00,0.5296666622161865
2024-09-02 03:00:00,0.5296666622161865
2024-09-02 06:00:00,0.5298998355865479
2024-09-02 09:00:00,0.5298998355865479
2024-09-02 12:00:00,0.5298998355865479
2024-09-02 15:00:00,0.5298998355865479
2024-09-02 18:00:00,0.5298998355865479
2024-09-02 21:00:00,0.5299842357635498
2024-09-03 00:00:00,0.5299842357635498
2024-09-03 03:00:00,0.5297510027885437
2024-09-03 06:00:00,0.5297510027885437
2024-09-03 09:00:00,0.5296666622161865
2024-09-03 12:00:00,0.5301091074943542
2024-09-03 15:00:00,0.5303422808647156
2024-09-03 18:00:00,0.5303422808647156
2024-09-03 21:00:00,0.5303422808647156
2024-09-04 00:00:00,0.5299845337867737
2024-09-04 03:00:00,0.5303422808647156
2024-09-04 06:00:00,0.5298998355865479
2024-09-04 09:00:00,0.5298998355865479
2024-09-04 12:00:00,0.5496762990951538
2024-09-04 15:00:00,0.5298998355865479
2024-09-04 18:00:00,0.5298998355865479
2024-09-04 21:00:00,0.5298998355865479
2024-09-05 00:00:00,0.5298998355865479
2024-09-05 03:00:00,0.5298998355865479
2024-09-05 06:00:00,0.5298998355865479
2024-09-05 09:00:00,0.5298998355865479
2024-09-05 12:00:00,0.5298998355865479
2024-09-05 15:00:00,0.5298998355865479
2024-09-05 18:00:00,0.5298998355865479
2024-09-05 21:00:00,0.5298998355865479
2024-09-06 00:00:00,0.5298998355865479
2024-09-06 03:00:00,0.5561554431915283
2024-09-06 06:00:00,0.5561554431915283
2024-09-06 09:00:00,0.5646187663078308
2024-09-06 12:00:00,0.5315311551094055
2024-09-06 15:00:00,0.5767240524291992
2024-09-06 18:00:00,0.5488371253013611
2024-09-06 21:00:00,0.5502352118492126
2024-09-07 00:00:00,0.548603892326355
2024-09-07 03:00:00,0.548603892326355
2024-09-07 06:00:00,0.5502352118492126
2024-09-07 09:00:00,0.5514538884162903
2024-09-07 12:00:00,0.5498225688934326
2024-09-07 15:00:00,0.5498225688934326
2024-09-07 18:00:00,0.5498225688934326
2024-09-07 21:00:00,0.5479751825332642
2024-09-08 00:00:00,0.5815439820289612
2024-09-08 03:00:00,0.5417718887329102
2024-09-08 06:00:00,0.5375550985336304
2024-09-08 09:00:00,0.5375550985336304
2024-09-08 12:00:00,0.5375550985336304
2024-09-08 15:00:00,0.5375550985336304
2024-09-08 18:00:00,0.5375550985336304
2024-09-08 21:00:00,0.5375550985336304
2024-09-09 00:00:00,0.5375550985336304
2024-09-09 03:00:00,0.5375550985336304
2024-09-09 06:00:00,0.5375550985336304
2024-09-09 09:00:00,0.5375550985336304
2024-09-09 12:00:00,0.5501002669334412
2024-09-09 15:00:00,0.5501002669334412
2024-09-09 18:00:00,0.5501002669334412
2024-09-09 21:00:00,0.5501002669334412
2024-09-10 00:00:00,0.5501002669334412
2024-09-10 03:00:00,0.5501002669334412
2024-09-10 06:00:00,0.5527926087379456
2024-09-10 09:00:00,0.5501002669334412
2024-09-10 12:00:00,0.5501002669334412
2024-09-10 15:00:00,0.5501002669334412
2024-09-10 18:00:00,0.539413332939148
2024-09-10 21:00:00,0.5623610019683838
2024-09-11 00:00:00,0.5625942349433899
2024-09-11 03:00:00,0.5349559187889099
2024-09-11 06:00:00,0.5623610019683838
2024-09-11 09:00:00,0.5286494493484497
2024-09-11 12:00:00,0.5286494493484497
2024-09-11 15:00:00,0.545223593711853
2024-09-11 18:00:00,0.5337648987770081
2024-09-11 21:00:00,0.5319175124168396
2024-09-12 00:00:00,0.5319175124168396
2024-09-12 03:00:00,0.5171294212341309
2024-09-12 06:00:00,0.5218857526779175
2024-09-12 09:00:00,0.5218857526779175
2024-09-12 12:00:00,0.5239663124084473
2024-09-12 15:00:00,0.5239663124084473
2024-09-12 18:00:00,0.5221189260482788
2024-09-12 21:00:00,0.5221189260482788
2024-09-13 00:00:00,0.5239663124084473
2024-09-13 03:00:00,0.5212317705154419
2024-09-13 06:00:00,0.5212317705154419
2024-09-13 09:00:00,0.5212317705154419
2024-09-13 12:00:00,0.5212317705154419
2024-09-13 15:00:00,0.5212317705154419
2024-09-13 18:00:00,0.5239663124084473
2024-09-13 21:00:00,0.5202479958534241
2024-09-14 00:00:00,0.5202479958534241
2024-09-14 03:00:00,0.519839882850647
2024-09-14 06:00:00,0.519839882850647
2024-09-14 09:00:00,0.519839882850647
2024-09-14 12:00:00,0.5288383960723877
2024-09-14 15:00:00,0.5288383960723877
2024-09-14 18:00:00,0.5395639538764954
2024-09-14 21:00:00,0.5206427574157715
2024-09-15 00:00:00,0.515748143196106
2024-09-15 03:00:00,0.5288383960723877
2024-09-15 06:00:00,0.534369945526123
2024-09-15 09:00:00,0.534369945526123
2024-09-15 12:00:00,0.534369945526123
2024-09-15 15:00:00,0.534369945526123
2024-09-15 18:00:00,0.534369945526123
2024-09-15 21:00:00,0.5442912578582764
2024-09-16 00:00:00,0.5442912578582764
2024-09-16 03:00:00,0.538759708404541
2024-09-16 06:00:00,0.538759708404541
2024-09-16 09:00:00,0.538759708404541
2024-09-16 12:00:00,0.538759708404541
2024-09-16 15:00:00,0.5359771251678467
2024-09-16 18:00:00,0.5359771251678467
2024-09-16 21:00:00,0.526978611946106
2024-09-17 00:00:00,0.531100869178772
2024-09-17 03:00:00,0.531100869178772
2024-09-17 06:00:00,0.531100869178772
2024-09-17 09:00:00,0.531100869178772
2024-09-17 12:00:00,0.5400993824005127
2024-09-17 15:00:00,0.5400993824005127
2024-09-17 18:00:00,0.5400993824005127
2024-09-17 21:00:00,0.5400993824005127
2024-09-18 00:00:00,0.545630931854248
2024-09-18 03:00:00,0.5484135150909424
2024-09-18 06:00:00,0.5484135150909424
2024-09-18 09:00:00,0.5484135150909424
2024-09-18 12:00:00,0.542881965637207
2024-09-18 15:00:00,0.5405797958374023
2024-09-18 18:00:00,0.5467134118080139
2024-09-18 21:00:00,0.5412384867668152
2024-09-19 00:00:00,0.5429559350013733
2024-09-19 03:00:00,0.5351048707962036
2024-09-19 06:00:00,0.5573001503944397
2024-09-19 09:00:00,0.5323703289031982
2024-09-19 12:00:00,0.5323703289031982
2024-09-19 15:00:00,0.5519778728485107
2024-09-19 18:00:00,0.5359259843826294
2024-09-19 21:00:00,0.5331434011459351
2024-09-20 00:00:00,0.536689281463623
2024-09-20 03:00:00,0.5331336259841919
2024-09-20 06:00:00,0.5353939533233643
2024-09-20 09:00:00,0.536689281463623
2024-09-20 12:00:00,0.537421464920044
2024-09-20 15:00:00,0.537421464920044
2024-09-20 18:00:00,0.537421464920044
2024-09-20 21:00:00,0.537421464920044
2024-09-21 00:00:00,0.5318899154663086
2024-09-21 03:00:00,0.5318899154663086
2024-09-21 06:00:00,0.5318899154663086
2024-09-21 09:00:00,0.5574133396148682
2024-09-21 12:00:00,0.5574133396148682
2024-09-21 15:00:00,0.5574133396148682
2024-09-21 18:00:00,0.5601478815078735
2024-09-21 21:00:00,0.5570439696311951
2024-09-22 00:00:00,0.5597785115242004
2024-09-22 03:00:00,0.5597785115242004
2024-09-22 06:00:00,0.5597785115242004
2024-09-22 09:00:00,0.5314245820045471
2024-09-22 12:00:00,0.5359576940536499
2024-09-22 15:00:00,0.5556921362876892
2024-09-22 18:00:00,0.5297033786773682
2024-09-22 21:00:00,0.5556921362876892
2024-09-23 00:00:00,0.5556921362876892
2024-09-23 03:00:00,0.5496136546134949
2024-09-23 06:00:00,0.5496136546134949
2024-09-23 09:00:00,0.5496136546134949
2024-09-23 12:00:00,0.5475861430168152
2024-09-23 15:00:00,0.5496136546134949
2024-09-23 18:00:00,0.5475861430168152
2024-09-23 21:00:00,0.5475861430168152
2024-09-24 00:00:00,0.5475861430168152
2024-09-24 03:00:00,0.5477563142776489
2024-09-24 06:00:00,0.5457288026809692
2024-09-24 09:00:00,0.5232481360435486
2024-09-24 12:00:00,0.5232481360435486
2024-09-24 15:00:00,0.5200716257095337
2024-09-24 18:00:00,0.5232481360435486
2024-09-24 21:00:00,0.5256450176239014
2024-09-25 00:00:00,0.5256450176239014
2024-09-25 03:00:00,0.5236175060272217
2024-09-25 06:00:00,0.5243496894836426
2024-09-25 09:00:00,0.5263772010803223
2024-09-25 12:00:00,0.5344580411911011
2024-09-25 15:00:00,0.5291117429733276
2024-09-25 18:00:00,0.535190224647522
2024-09-25 21:00:00,0.5335394740104675
2024-09-26 00:00:00,0.535190224647522
2024-09-26 03:00:00,0.5256450176239014
2024-09-26 06:00:00,0.5220991373062134
2024-09-26 09:00:00,0.5263772010803223
2024-09-26 12:00:00,0.5256450176239014
2024-09-26 15:00:00,0.5252756476402283
2024-09-26 18:00:00,0.5153813362121582
2024-09-26 21:00:00,0.5153813362121582
2024-09-27 00:00:00,0.5153813362121582
2024-09-27 03:00:00,0.5190996527671814
2024-09-27 06:00:00,0.5181158781051636
2024-09-27 09:00:00,0.5157894492149353
2024-09-27 12:00:00,0.5153813362121582
2024-09-27 15:00:00,0.5153813362121582
2024-09-27 18:00:00,0.5153813362121582
2024-09-27 21:00:00,0.5290593504905701
2024-09-28 00:00:00,0.5290593504905701
2024-09-28 03:00:00,0.5442555546760559
2024-09-28 06:00:00,0.55525141954422
2024-09-28 09:00:00,0.5490865111351013
2024-09-28 12:00:00,0.5305801033973694
2024-09-28 15:00:00,0.5453681945800781
2024-09-28 18:00:00,0.547770082950592
2024-09-28 21:00:00,0.5338903069496155
2024-09-29 00:00:00,0.5481027364730835
2024-09-29 03:00:00,0.5481027364730835
2024-09-29 06:00:00,0.5335394740104675
2024-09-29 09:00:00,0.538985013961792
2024-09-29 12:00:00,0.5386883020401001
2024-09-29 15:00:00,0.5348677039146423
2024-09-29 18:00:00,0.5323273539543152
2024-09-29 21:00:00,0.5288094878196716
2024-09-30 00:00:00,0.5178136229515076
2024-09-30 03:00:00,0.5178136229515076
2024-09-30 06:00:00,0.5178136229515076
2024-09-30 09:00:00,0.5178136229515076
2024-09-30 12:00:00,0.5178136229515076
2024-09-30 15:00:00,0.5178136229515076
2024-09-30 18:00:00,0.5178136229515076
2024-09-30 21:00:00,0.5178136229515076
2024-10-01 00:00:00,0.5229653120040894
2024-10-01 03:00:00,0.516886830329895
2024-10-01 06:00:00,0.5178136229515076
2024-10-01 09:00:00,0.5178136229515076
2024-10-01 12:00:00,0.5178136229515076
2024-10-01 15:00:00,0.5079817175865173
2024-10-01 18:00:00,0.5079817175865173
2024-10-01 21:00:00,0.5011181831359863
2024-10-02 00:00:00,0.5011181831359863
2024-10-02 03:00:00,0.5077655911445618
2024-10-02 06:00:00,0.5070549249649048
2024-10-02 09:00:00,0.5031819939613342
2024-10-02 12:00:00,0.5100455284118652
2024-10-02 15:00:00,0.5100455284118652
2024-10-02 18:00:00,0.5071966648101807
2024-10-02 21:00:00,0.5062698721885681
2024-10-03 00:00:00,0.5136345624923706
2024-10-03 03:00:00,0.5154018402099609
2024-10-03 06:00:00,0.5184465646743774
2024-10-03 09:00:00,0.5184465646743774
2024-10-03 12:00:00,0.5184465646743774
2024-10-03 15:00:00,0.5184465646743774
2024-10-03 18:00:00,0.5184465646743774
2024-10-03 21:00:00,0.5148909091949463
2024-10-04 00:00:00,0.5174785852432251
2024-10-04 03:00:00,0.5174785852432251
2024-10-04 06:00:00,0.5174785852432251
2024-10-04 09:00:00,0.5227433443069458
2024-10-04 12:00:00,0.5174785852432251
2024-10-04 15:00:00,0.5174785852432251
2024-10-04 18:00:00,0.5174785852432251
2024-10-04 21:00:00,0.5174785852432251
2024-10-05 00:00:00,0.5174785852432251
2024-10-05 03:00:00,0.5227433443069458
2024-10-05 06:00:00,0.5227433443069458
2024-10-05 09:00:00,0.5227433443069458
2024-10-05 12:00:00,0.5227433443069458
2024-10-05 15:00:00,0.5227433443069458
2024-10-05 18:00:00,0.5174785852432251
2024-10-05 21:00:00,0.5174785852432251
2024-10-06 00:00:00,0.5227433443069458
2024-10-06 03:00:00,0.5227433443069458
2024-10-06 06:00:00,0.5174785852432251
2024-10-06 09:00:00,0.5174785852432251
2024-10-06 12:00:00,0.5174785852432251
2024-10-06 15:00:00,0.5174785852432251
2024-10-06 18:00:00,0.5189427137374878
2024-10-06 21:00:00,0.5161598920822144
2024-10-07 00:00:00,0.5209475159645081
2024-10-07 03:00:00,0.5148507952690125
2024-10-07 06:00:00,0.5148507952690125
2024-10-07 09:00:00,0.5148507952690125
2024-10-07 12:00:00,0.5148507952690125
2024-10-07 15:00:00,0.5116742849349976
2024-10-07 18:00:00,0.5148507952690125
2024-10-07 21:00:00,0.5148507952690125
2024-10-08 00:00:00,0.5148507952690125
2024-10-08 03:00:00,0.5148507952690125
2024-10-08 06:00:00,0.5148507952690125
2024-10-08 09:00:00,0.5148507952690125
2024-10-08 12:00:00,0.5148507952690125
2024-10-08 15:00:00,0.5148507952690125
2024-10-08 18:00:00,0.5148507952690125
2024-10-08 21:00:00,0.5148507952690125
2024-10-09 00:00:00,0.5148507952690125
2024-10-09 03:00:00,0.5148507952690125
2024-10-09 06:00:00,0.5209475159645081
2024-10-09 09:00:00,0.5209475159645081
2024-10-09 12:00:00,0.5209475159645081
2024-10-09 15:00:00,0.5150721669197083
2024-10-09 18:00:00,0.508150041103363
2024-10-09 21:00:00,0.508150041103363
2024-10-10 00:00:00,0.5052012801170349
2024-10-10 03:00:00,0.5052012801170349
2024-10-10 06:00:00,0.5049800276756287
2024-10-10 09:00:00,0.5119020342826843
2024-10-10 12:00:00,0.5213496088981628
2024-10-10 15:00:00,0.4821537435054779
2024-10-10 18:00:00,0.48101624846458435
2024-10-10 21:00:00,0.4802561402320862
2024-10-11 00:00:00,0.4772394001483917
2024-10-11 03:00:00,0.4764450192451477
2024-10-11 06:00:00,0.4764450192451477
2024-10-11 09:00:00,0.4764450192451477
2024-10-11 12:00:00,0.4764450192451477
2024-10-11 15:00:00,0.4764450192451477
2024-10-11 18:00:00,0.47565096616744995
2024-10-11 21:00:00,0.47565096616744995
2024-10-12 00:00:00,0.47565096616744995
2024-10-12 03:00:00,0.47565096616744995
2024-10-12 06:00:00,0.47565096616744995
2024-10-12 09:00:00,0.47565096616744995
2024-10-12 12:00:00,0.47565096616744995
2024-10-12 15:00:00,0.47565096616744995
2024-10-12 18:00:00,0.47565096616744995
2024-10-12 21:00:00,0.47565096616744995
2024-10-13 00:00:00,0.47565096616744995
2024-10-13 03:00:00,0.4790014624595642
2024-10-13 06:00:00,0.48058992624282837
2024-10-13 09:00:00,0.48058992624282837
2024-10-13 12:00:00,0.4772394001483917
2024-10-13 15:00:00,0.4764450192451477
2024-10-13 18:00:00,0.4764450192451477
2024-10-13 21:00:00,0.46892789006233215
2024-10-14 00:00:00,0.46392756700515747
2024-10-14 03:00:00,0.46392756700515747
2024-10-14 06:00:00,0.46392756700515747
2024-10-14 09:00:00,0.46392756700515747
2024-10-14 12:00:00,0.46392756700515747
2024-10-14 15:00:00,0.46392756700515747
2024-10-14 18:00:00,0.46392756700515747
2024-10-14 21:00:00,0.46224087476730347
2024-10-15 00:00:00,0.4631335139274597
2024-10-15 03:00:00,0.4614468216896057
2024-10-15 06:00:00,0.4631335139274597
2024-10-15 09:00:00,0.4614468216896057
2024-10-15 12:00:00,0.4614468216896057
2024-10-15 15:00:00,0.4614468216896057
2024-10-15 18:00:00,0.4614468216896057
2024-10-15 21:00:00,0.4614468216896057
2024-10-16 00:00:00,0.4614468216896057
2024-10-16 03:00:00,0.4614468216896057
2024-10-16 06:00:00,0.4614468216896057
2024-10-16 09:00:00,0.4614468216896057
2024-10-16 12:00:00,0.4649193286895752
2024-10-16 15:00:00,0.4614468216896057
2024-10-16 18:00:00,0.4649193286895752
2024-10-16 21:00:00,0.4614468216896057
2024-10-17 00:00:00,0.4614468216896057
2024-10-17 03:00:00,0.4614468216896057
2024-10-17 06:00:00,0.4614468216896057
2024-10-17 09:00:00,0.4602927267551422
2024-10-17 12:00:00,0.4602927267551422
2024-10-17 15:00:00,0.4453413784503937
2024-10-17 18:00:00,0.4438609182834625
2024-10-17 21:00:00,0.4431582987308502
2024-10-18 00:00:00,0.4431582987308502
2024-10-18 03:00:00,0.45033013820648193
2024-10-18 06:00:00,0.4431582987308502
2024-10-18 09:00:00,0.4431582987308502
2024-10-18 12:00:00,0.44158580899238586
2024-10-18 15:00:00,0.4404546320438385
2024-10-18 18:00:00,0.4404546320438385
2024-10-18 21:00:00,0.4404546320438385
2024-10-19 00:00:00,0.4404546320438385
2024-10-19 03:00:00,0.4404546320438385
2024-10-19 06:00:00,0.4404546320438385
2024-10-19 09:00:00,0.4404546320438385
2024-10-19 12:00:00,0.4404546320438385
2024-10-19 15:00:00,0.4404546320438385
2024-10-19 18:00:00,0.4404546320438385
2024-10-19 21:00:00,0.4404546320438385
2024-10-20 00:00:00,0.4404546320438385
2024-10-20 03:00:00,0.4404546320438385
2024-10-20 06:00:00,0.4404546320438385
2024-10-20 09:00:00,0.4404546320438385
2024-10-20 12:00:00,0.4404546320438385
2024-10-20 15:00:00,0.4404546320438385
2024-10-20 18:00:00,0.4404546320438385
2024-10-20 21:00:00,0.4404546320438385
2024-10-21 00:00:00,0.4404546320438385
2024-10-21 03:00:00,0.4476264715194702
2024-10-21 06:00:00,0.4404546320438385
2024-10-21 09:00:00,0.4404546320438385
2024-10-21 12:00:00,0.4404546320438385
2024-10-21 15:00:00,0.43749168515205383
2024-10-21 18:00:00,0.43749168515205383
2024-10-21 21:00:00,0.43749168515205383
2024-10-22 00:00:00,0.43749168515205383
2024-10-22 03:00:00,0.43749168515205383
2024-10-22 06:00:00,0.43749168515205383
2024-10-22 09:00:00,0.43749168515205383
2024-10-22 12:00:00,0.43749168515205383
2024-10-22 15:00:00,0.43749168515205383
2024-10-22 18:00:00,0.43749168515205383
2024-10-22 21:00:00,0.43749168515205383
2024-10-23 00:00:00,0.43749168515205383
2024-10-23 03:00:00,0.43749168515205383
2024-10-23 06:00:00,0.43749168515205383
2024-10-23 09:00:00,0.43749168515205383
2024-10-23 12:00:00,0.43749168515205383
2024-10-23 15:00:00,0.43749168515205383
2024-10-23 18:00:00,0.43749168515205383
2024-10-23 21:00:00,0.43749168515205383
2024-10-24 00:00:00,0.43749168515205383
2024-10-24 03:00:00,0.43749168515205383
2024-10-24 06:00:00,0.43749168515205383
2024-10-24 09:00:00,0.43749168515205383
2024-10-24 12:00:00,0.43749168515205383
2024-10-24 15:00:00,0.43749168515205383
2024-10-24 18:00:00,0.43749168515205383
2024-10-24 21:00:00,0.43749168515205383
2024-10-25 00:00:00,0.43749168515205383
2024-10-25 03:00:00,0.43749168515205383
2024-10-25 06:00:00,0.43749168515205383
2024-10-25 09:00:00,0.43749168515205383
2024-10-25 12:00:00,0.43749168515205383
2024-10-25 15:00:00,0.43749168515205383
2024-10-25 18:00:00,0.43749168515205383
2024-10-25 21:00:00,0.43749168515205383
2024-10-26 00:00:00,0.43749168515205383
2024-10-26 03:00:00,0.43749168515205383
2024-10-26 06:00:00,0.43749168515205383
2024-10-26 09:00:00,0.43749168515205383
2024-10-26 12:00:00,0.43749168515205383
2024-10-26 15:00:00,0.43749168515205383
2024-10-26 18:00:00,0.43749168515205383
2024-10-26 21:00:00,0.43749168515205383
2024-10-27 00:00:00,0.43749168515205383
2024-10-27 03:00:00,0.43749168515205383
2024-10-27 06:00:00,0.43749168515205383
2024-10-27 09:00:00,0.43749168515205383
2024-10-27 12:00:00,0.43749168515205383
2024-10-27 15:00:00,0.43749168515205383
2024-10-27 18:00:00,0.43749168515205383
2024-10-27 21:00:00,0.43749168515205383
2024-10-28 00:00:00,0.43749168515205383
2024-10-28 03:00:00,0.43749168515205383
2024-10-28 06:00:00,0.43749168515205383
2024-10-28 09:00:00,0.43749168515205383
2024-10-28 12:00:00,0.43749168515205383
2024-10-28 15:00:00,0.43749168515205383
2024-10-28 18:00:00,0.43749168515205383
2024-10-28 21:00:00,0.43749168515205383
2024-10-29 00:00:00,0.43749168515205383
2024-10-29 03:00:00,0.43749168515205383
2024-10-29 06:00:00,0.43749168515205383
2024-10-29 09:00:00,0.43749168515205383
2024-10-29 12:00:00,0.43749168515205383
2024-10-29 15:00:00,0.43749168515205383
2024-10-29 18:00:00,0.43749168515205383
2024-10-29 21:00:00,0.43749168515205383
2024-10-30 00:00:00,0.43749168515205383
2024-10-30 03:00:00,0.43749168515205383
2024-10-30 06:00:00,0.43749168515205383
2024-10-30 09:00:00,0.43749168515205383
2024-10-30 12:00:00,0.43749168515205383
2024-10-30 15:00:00,0.43749168515205383
2024-10-30 18:00:00,0.43749168515205383
2024-10-30 21:00:00,0.43749168515205383
2024-10-31 00:00:00,0.43749168515205383
2024-10-31 03:00:00,0.43749168515205383
2024-10-31 06:00:00,0.43749168515205383
2024-10-31 09:00:00,0.43749168515205383
2024-10-31 12:00:00,0.4367349147796631
2024-10-31 15:00:00,0.43594086170196533
2024-10-31 18:00:00,0.4367349147796631
2024-10-31 21:00:00,0.43594086170196533
2024-11-01 00:00:00,0.43594086170196533
2024-11-01 03:00:00,0.43594086170196533
2024-11-01 06:00:00,0.43594086170196533
2024-11-01 09:00:00,0.43594086170196533
2024-11-01 12:00:00,0.43594086170196533
2024-11-01 15:00:00,0.43594086170196533
2024-11-01 18:00:00,0.43594086170196533
2024-11-01 21:00:00,0.43594086170196533
2024-11-02 00:00:00,0.43594086170196533
2024-11-02 03:00:00,0.4367349147796631
2024-11-02 06:00:00,0.43594086170196533
2024-11-02 09:00:00,0.43594086170196533
2024-11-02 12:00:00,0.43594086170196533
2024-11-02 15:00:00,0.43594086170196533
2024-11-02 18:00:00,0.43594086170196533
2024-11-02 21:00:00,0.43594086170196533
2024-11-03 00:00:00,0.43594086170196533
2024-11-03 03:00:00,0.43594086170196533
2024-11-03 06:00:00,0.43594086170196533
2024-11-03 09:00:00,0.43594086170196533
2024-11-03 12:00:00,0.43594086170196533
2024-11-03 15:00:00,0.43594086170196533
2024-11-03 18:00:00,0.43594086170196533
2024-11-03 21:00:00,0.43594086170196533
2024-11-04 00:00:00,0.43594086170196533
2024-11-04 03:00:00,0.4370720386505127
2024-11-04 06:00:00,0.43594086170196533
2024-11-04 09:00:00,0.4370720386505127
2024-11-04 12:00:00,0.43594086170196533
2024-11-04 15:00:00,0.43594086170196533
2024-11-04 18:00:00,0.43594086170196533
2024-11-04 21:00:00,0.43594086170196533
2024-11-05 00:00:00,0.43594086170196533
2024-11-05 03:00:00,0.4367349147796631
2024-11-05 06:00:00,0.43594086170196533
2024-11-05 09:00:00,0.43594086170196533
2024-11-05 12:00:00,0.43594086170196533
2024-11-05 15:00:00,0.43594086170196533
2024-11-05 18:00:00,0.4370720386505127
2024-11-05 21:00:00,0.43594086170196533
2024-11-06 00:00:00,0.43594086170196533
2024-11-06 03:00:00,0.43594086170196533
2024-11-06 06:00:00,0.43594086170196533
2024-11-06 09:00:00,0.43594086170196533
2024-11-06 12:00:00,0.43594086170196533
2024-11-06 15:00:00,0.43594086170196533
2024-11-06 18:00:00,0.43594086170196533
2024-11-06 21:00:00,0.43594086170196533
2024-11-07 00:00:00,0.43594086170196533
2024-11-07 03:00:00,0.43594086170196533
2024-11-07 06:00:00,0.43594086170196533
2024-11-07 09:00:00,0.43594086170196533
2024-11-07 12:00:00,0.43594086170196533
2024-11-07 15:00:00,0.43594086170196533
2024-11-07 18:00:00,0.43594086170196533
2024-11-07 21:00:00,0.43594086170196533
2024-11-08 00:00:00,0.43594086170196533
2024-11-08 03:00:00,0.43594086170196533
2024-11-08 06:00:00,0.43594086170196533
2024-11-08 09:00:00,0.43594086170196533
2024-11-08 12:00:00,0.43594086170196533
2024-11-08 15:00:00,0.43594086170196533
2024-11-08 18:00:00,0.4370720386505127
2024-11-08 21:00:00,0.43594086170196533
2024-11-09 00:00:00,0.43594086170196533
2024-11-09 03:00:00,0.43594086170196533
2024-11-09 06:00:00,0.43594086170196533
2024-11-09 09:00:00,0.43594086170196533
2024-11-09 12:00:00,0.43911734223365784
2024-11-09 15:00:00,0.43594086170196533
2024-11-09 18:00:00,0.43911734223365784
2024-11-09 21:00:00,0.43911734223365784
2024-11-10 00:00:00,0.43911734223365784
2024-11-10 03:00:00,0.43911734223365784
2024-11-10 06:00:00,0.43911734223365784
2024-11-10 09:00:00,0.43911734223365784
2024-11-10 12:00:00,0.43911734223365784
2024-11-10 15:00:00,0.43911734223365784
2024-11-10 18:00:00,0.43911734223365784
2024-11-10 21:00:00,0.43911734223365784
2024-11-11 00:00:00,0.43911734223365784
2024-11-11 03:00:00,0.43911734223365784
2024-11-11 06:00:00,0.43911734223365784
2024-11-11 09:00:00,0.43911734223365784
2024-11-11 12:00:00,0.43911734223365784
2024-11-11 15:00:00,0.43911734223365784
2024-11-11 18:00:00,0.43911734223365784
2024-11-11 21:00:00,0.43911734223365784
2024-11-12 00:00:00,0.43911734223365784
2024-11-12 03:00:00,0.43911734223365784
2024-11-12 06:00:00,0.43911734223365784
2024-11-12 09:00:00,0.43911734223365784
2024-11-12 12:00:00,0.43911734223365784
2024-11-12 15:00:00,0.43911734223365784
2024-11-12 18:00:00,0.43911734223365784
2024-11-12 21:00:00,0.43911734223365784
2024-11-13 00:00:00,0.43911734223365784
2024-11-13 03:00:00,0.43911734223365784
2024-11-13 06:00:00,0.43911734223365784
2024-11-13 09:00:00,0.43911734223365784
2024-11-13 12:00:00,0.43911734223365784
2024-11-13 15:00:00,0.43911734223365784
2024-11-13 18:00:00,0.43911734223365784
2024-11-13 21:00:00,0.43911734223365784
2024-11-14 00:00:00,0.43911734223365784
2024-11-14 03:00:00,0.43911734223365784
2024-11-14 06:00:00,0.43911734223365784
2024-11-14 09:00:00,0.43911734223365784
2024-11-14 12:00:00,0.43911734223365784
2024-11-14 15:00:00,0.43911734223365784
2024-11-14 18:00:00,0.43911734223365784
2024-11-14 21:00:00,0.43911734223365784
2024-11-15 00:00:00,0.43911734223365784
2024-11-15 03:00:00,0.43911734223365784
2024-11-15 06:00:00,0.43911734223365784
2024-11-15 09:00:00,0.43911734223365784
2024-11-15 12:00:00,0.43911734223365784
2024-11-15 15:00:00,0.43911734223365784
2024-11-15 18:00:00,0.43911734223365784
2024-11-15 21:00:00,0.43911734223365784
2024-11-16 00:00:00,0.43911734223365784
2024-11-16 03:00:00,0.43911734223365784
2024-11-16 06:00:00,0.43911734223365784
2024-11-16 09:00:00,0.43911734223365784
2024-11-16 12:00:00,0.43911734223365784
2024-11-16 15:00:00,0.43911734223365784
2024-11-16 18:00:00,0.43911734223365784
2024-11-16 21:00:00,0.43911734223365784
2024-11-17 00:00:00,0.43911734223365784
2024-11-17 03:00:00,0.43911734223365784
2024-11-17 06:00:00,0.43911734223365784
2024-11-17 09:00:00,0.43911734223365784
2024-11-17 12:00:00,0.43911734223365784
2024-11-17 15:00:00,0.43911734223365784
2024-11-17 18:00:00,0.43911734223365784
2024-11-17 21:00:00,0.43911734223365784
2024-11-18 00:00:00,0.43911734223365784
2024-11-18 03:00:00,0.43911734223365784
2024-11-18 06:00:00,0.43911734223365784
2024-11-18 09:00:00,0.43911734223365784
2024-11-18 12:00:00,0.43911734223365784
2024-11-18 15:00:00,0.43911734223365784
2024-11-18 18:00:00,0.43911734223365784
2024-11-18 21:00:00,0.43911734223365784
2024-11-19 00:00:00,0.43911734223365784
2024-11-19 03:00:00,0.43911734223365784
2024-11-19 06:00:00,0.43911734223365784
2024-11-19 09:00:00,0.4406682550907135
2024-11-19 12:00:00,0.43911734223365784
2024-11-19 15:00:00,0.4406682550907135
2024-11-19 18:00:00,0.4406682550907135
2024-11-19 21:00:00,0.44130927324295044
2024-11-20 00:00:00,0.44130927324295044
2024-11-20 03:00:00,0.44130927324295044
2024-11-20 06:00:00,0.44130927324295044
2024-11-20 09:00:00,0.44130927324295044
2024-11-20 12:00:00,0.44130927324295044
2024-11-20 15:00:00,0.44130927324295044
2024-11-20 18:00:00,0.44130927324295044
2024-11-20 21:00:00,0.44130927324295044
2024-11-21 00:00:00,0.44130927324295044
2024-11-21 03:00:00,0.44130927324295044
2024-11-21 06:00:00,0.44130927324295044
2024-11-21 09:00:00,0.44130927324295044
2024-11-21 12:00:00,0.44130927324295044
2024-11-21 15:00:00,0.44130927324295044
2024-11-21 18:00:00,0.44130927324295044
2024-11-21 21:00:00,0.44130927324295044
2024-11-22 00:00:00,0.44130927324295044
2024-11-22 03:00:00,0.44130927324295044
2024-11-22 06:00:00,0.44130927324295044
2024-11-22 09:00:00,0.44130927324295044
2024-11-22 12:00:00,0.44130927324295044
2024-11-22 15:00:00,0.44130927324295044
2024-11-22 18:00:00,0.44130927324295044
2024-11-22 21:00:00,0.44130927324295044
2024-11-23 00:00:00,0.44130927324295044
2024-11-23 03:00:00,0.44130927324295044
2024-11-23 06:00:00,0.44130927324295044
2024-11-23 09:00:00,0.44127994775772095
2024-11-23 12:00:00,0.4367186725139618
2024-11-23 15:00:00,0.4367186725139618
2024-11-23 18:00:00,0.4367186725139618
2024-11-23 21:00:00,0.4367186725139618
2024-11-24 00:00:00,0.4367186725139618
2024-11-24 03:00:00,0.4367186725139618
2024-11-24 06:00:00,0.4367186725139618
2024-11-24 09:00:00,0.4367186725139618
2024-11-24 12:00:00,0.4367186725139618
2024-11-24 15:00:00,0.4367186725139618
2024-11-24 18:00:00,0.4367186725139618
2024-11-24 21:00:00,0.4367186725139618
2024-11-25 00:00:00,0.4367186725139618
2024-11-25 03:00:00,0.4367186725139618
2024-11-25 06:00:00,0.4367186725139618
2024-11-25 09:00:00,0.4367186725139618
2024-11-25 12:00:00,0.4367186725139618
2024-11-25 15:00:00,0.4367186725139618
2024-11-25 18:00:00,0.43888503313064575
2024-11-25 21:00:00,0.43888503313064575
2024-11-26 00:00:00,0.43888503313064575
2024-11-26 03:00:00,0.43888503313064575
2024-11-26 06:00:00,0.43888503313064575
2024-11-26 09:00:00,0.43888503313064575
2024-11-26 12:00:00,0.43888503313064575
2024-11-26 15:00:00,0.43888503313064575
2024-11-26 18:00:00,0.43868765234947205
2024-11-26 21:00:00,0.43868765234947205
2024-11-27 00:00:00,0.43868765234947205
2024-11-27 03:00:00,0.43868765234947205
2024-11-27 06:00:00,0.43868765234947205
2024-11-27 09:00:00,0.43868765234947205
2024-11-27 12:00:00,0.43868765234947205
2024-11-27 15:00:00,0.43868765234947205
2024-11-27 18:00:00,0.43868765234947205
2024-11-27 21:00:00,0.43868765234947205
2024-11-28 00:00:00,0.43868765234947205
2024-11-28 03:00:00,0.43868765234947205
2024-11-28 06:00:00,0.43868765234947205
2024-11-28 09:00:00,0.43868765234947205
2024-11-28 12:00:00,0.43868765234947205
2024-11-28 15:00:00,0.43868765234947205
2024-11-28 18:00:00,0.43868765234947205
2024-11-28 21:00:00,0.43868765234947205
2024-11-29 00:00:00,0.43868765234947205
2024-11-29 03:00:00,0.43868765234947205
2024-11-29 06:00:00,0.43868765234947205
2024-11-29 09:00:00,0.43868765234947205
2024-11-29 12:00:00,0.43868765234947205
2024-11-29 15:00:00,0.43868765234947205
2024-11-29 18:00:00,0.43868765234947205
2024-11-29 21:00:00,0.43868765234947205
2024-11-30 00:00:00,0.43868765234947205
2024-11-30 03:00:00,0.43868765234947205
2024-11-30 06:00:00,0.43868765234947205
2024-11-30 09:00:00,0.43868765234947205
2024-11-30 12:00:00,0.43868765234947205
2024-11-30 15:00:00,0.43868765234947205
2024-11-30 18:00:00,0.43868765234947205
2024-11-30 21:00:00,0.43868765234947205
2024-12-01 00:00:00,0.43868765234947205
2024-12-01 03:00:00,0.43868765234947205
2024-12-01 06:00:00,0.43868765234947205
2024-12-01 09:00:00,0.43868765234947205
2024-12-01 12:00:00,0.43868765234947205
2024-12-01 15:00:00,0.43868765234947205
2024-12-01 18:00:00,0.43868765234947205
2024-12-01 21:00:00,0.43868765234947205
2024-12-02 00:00:00,0.43868765234947205
2024-12-02 03:00:00,0.43868765234947205
2024-12-02 06:00:00,0.43868765234947205
2024-12-02 09:00:00,0.43868765234947205
2024-12-02 12:00:00,0.43868765234947205
2024-12-02 15:00:00,0.43868765234947205
2024-12-02 18:00:00,0.43868765234947205
2024-12-02 21:00:00,0.43868765234947205
2024-12-03 00:00:00,0.43868765234947205
2024-12-03 03:00:00,0.43868765234947205
2024-12-03 06:00:00,0.43868765234947205
2024-12-03 09:00:00,0.437136709690094
2024-12-03 12:00:00,0.437136709690094
2024-12-03 15:00:00,0.437136709690094
2024-12-03 18:00:00,0.437136709690094
2024-12-03 21:00:00,0.437136709690094
2024-12-04 00:00:00,0.437136709690094
2024-12-04 03:00:00,0.437136709690094
2024-12-04 06:00:00,0.437136709690094
2024-12-04 09:00:00,0.437136709690094
2024-12-04 12:00:00,0.437136709690094
2024-12-04 15:00:00,0.437136709690094
2024-12-04 18:00:00,0.43435120582580566
2024-12-04 21:00:00,0.43435120582580566
2024-12-05 00:00:00,0.43435120582580566
2024-12-05 03:00:00,0.43435120582580566
2024-12-05 06:00:00,0.43435120582580566
2024-12-05 09:00:00,0.43435120582580566
2024-12-05 12:00:00,0.43435120582580566
2024-12-05 15:00:00,0.43590211868286133
2024-12-05 18:00:00,0.43590211868286133
2024-12-05 21:00:00,0.43590211868286133
2024-12-06 00:00:00,0.43590211868286133
2024-12-06 03:00:00,0.43590211868286133
2024-12-06 06:00:00,0.43590211868286133
2024-12-06 09:00:00,0.43590211868286133
2024-12-06 12:00:00,0.43590211868286133
2024-12-06 15:00:00,0.43590211868286133
2024-12-06 18:00:00,0.43590211868286133
2024-12-06 21:00:00,0.43590211868286133
2024-12-07 00:00:00,0.43590211868286133
2024-12-07 03:00:00,0.43590211868286133
2024-12-07 06:00:00,0.43590211868286133
2024-12-07 09:00:00,0.43590211868286133
2024-12-07 12:00:00,0.43590211868286133
2024-12-07 15:00:00,0.43590211868286133
2024-12-07 18:00:00,0.43590211868286133
2024-12-07 21:00:00,0.43590211868286133
2024-12-08 00:00:00,0.43590211868286133
2024-12-08 03:00:00,0.43590211868286133
2024-12-08 06:00:00,0.43590211868286133
2024-12-08 09:00:00,0.43461722135543823
2024-12-08 12:00:00,0.43461722135543823
2024-12-08 15:00:00,0.43461722135543823
2024-12-08 18:00:00,0.43461722135543823
2024-12-08 21:00:00,0.43461722135543823
2024-12-09 00:00:00,0.43461722135543823
2024-12-09 03:00:00,0.43461722135543823
2024-12-09 06:00:00,0.43461722135543823
2024-12-09 09:00:00,0.43461722135543823
2024-12-09 12:00:00,0.43461722135543823
2024-12-09 15:00:00,0.43461722135543823
2024-12-09 18:00:00,0.43461722135543823
2024-12-09 21:00:00,0.43461722135543823
2024-12-10 00:00:00,0.43461722135543823
2024-12-10 03:00:00,0.43461722135543823
2024-12-10 06:00:00,0.4363434612751007
2024-12-10 09:00:00,0.4363434612751007
2024-12-10 12:00:00,0.4363434612751007
2024-12-10 15:00:00,0.4363434612751007
2024-12-10 18:00:00,0.4363434612751007
2024-12-10 21:00:00,0.4363434612751007
2024-12-11 00:00:00,0.4363434612751007
2024-12-11 03:00:00,0.4363434612751007
2024-12-11 06:00:00,0.4360460340976715
2024-12-11 09:00:00,0.4360460340976715
2024-12-11 12:00:00,0.4360460340976715
2024-12-11 15:00:00,0.43431979417800903
2024-12-11 18:00:00,0.43431979417800903
2024-12-11 21:00:00,0.43431979417800903
2024-12-12 00:00:00,0.4292297661304474
2024-12-12 03:00:00,0.4292297661304474
2024-12-12 06:00:00,0.4292297661304474
2024-12-12 09:00:00,0.43095600605010986
2024-12-12 12:00:00,0.43095600605010986
2024-12-12 15:00:00,0.43095600605010986
2024-12-12 18:00:00,0.42651885747909546
2024-12-12 21:00:00,0.42651885747909546
2024-12-13 00:00:00,0.42651885747909546
2024-12-13 03:00:00,0.42651885747909546
2024-12-13 06:00:00,0.4249679446220398
2024-12-13 09:00:00,0.4249679446220398
2024-12-13 12:00:00,0.4249679446220398
2024-12-13 15:00:00,0.4249679446220398
2024-12-13 18:00:00,0.4249679446220398
2024-12-13 21:00:00,0.4249679446220398
2024-12-14 00:00:00,0.4249679446220398
2024-12-14 03:00:00,0.4249679446220398
2024-12-14 06:00:00,0.4249679446220398
2024-12-14 09:00:00,0.4249679446220398
2024-12-14 12:00:00,0.4249679446220398
2024-12-14 15:00:00,0.4249679446220398
2024-12-14 18:00:00,0.4249679446220398
2024-12-14 21:00:00,0.4249679446220398
2024-12-15 00:00:00,0.4249679446220398
2024-12-15 03:00:00,0.4249679446220398
2024-12-15 06:00:00,0.4294050931930542
2024-12-15 09:00:00,0.42423808574676514
2024-12-15 12:00:00,0.4211668074131012
2024-12-15 15:00:00,0.4211668074131012
2024-12-15 18:00:00,0.41960611939430237
2024-12-15 21:00:00,0.41960611939430237
2024-12-16 00:00:00,0.41960611939430237
2024-12-16 03:00:00,0.41960611939430237
2024-12-16 06:00:00,0.41960611939430237
2024-12-16 09:00:00,0.41960611939430237
2024-12-16 12:00:00,0.41960611939430237
2024-12-16 15:00:00,0.41960611939430237
2024-12-16 18:00:00,0.41960611939430237
2024-12-16 21:00:00,0.41960611939430237
2024-12-17 00:00:00,0.41960611939430237
2024-12-17 03:00:00,0.41960611939430237
2024-12-17 06:00:00,0.41960611939430237
2024-12-17 09:00:00,0.41960611939430237
2024-12-17 12:00:00,0.41960611939430237
2024-12-17 15:00:00,0.41960611939430237
2024-12-17 18:00:00,0.41960611939430237
2024-12-17 21:00:00,0.41960611939430237
2024-12-18 00:00:00,0.41960611939430237
2024-12-18 03:00:00,0.41960611939430237
2024-12-18 06:00:00,0.41960611939430237
2024-12-18 09:00:00,0.41960611939430237
2024-12-18 12:00:00,0.41960611939430237
2024-12-18 15:00:00,0.41960611939430237
2024-12-18 18:00:00,0.41960611939430237
2024-12-18 21:00:00,0.4177897572517395
2024-12-19 00:00:00,0.41738444566726685
2024-12-19 03:00:00,0.41738444566726685
2024-12-19 06:00:00,0.41738444566726685
2024-12-19 09:00:00,0.4161398112773895
2024-12-19 12:00:00,0.4161398112773895
2024-12-19 15:00:00,0.4161398112773895
2024-12-19 18:00:00,0.4161398112773895
2024-12-19 21:00:00,0.4161398112773895
2024-12-20 00:00:00,0.4161398112773895
2024-12-20 03:00:00,0.4161398112773895
2024-12-20 06:00:00,0.4161398112773895
2024-12-20 09:00:00,0.4161398112773895
2024-12-20 12:00:00,0.4161398112773895
2024-12-20 15:00:00,0.4161398112773895
2024-12-20 18:00:00,0.4161398112773895
2024-12-20 21:00:00,0.4161398112773895
2024-12-21 00:00:00,0.4161398112773895
2024-12-21 03:00:00,0.4161398112773895
2024-12-21 06:00:00,0.4161398112773895
2024-12-21 09:00:00,0.4161398112773895
2024-12-21 12:00:00,0.4161398112773895
2024-12-21 15:00:00,0.4161398112773895
2024-12-21 18:00:00,0.4161398112773895
2024-12-21 21:00:00,0.4161398112773895
2024-12-22 00:00:00,0.4161398112773895
2024-12-22 03:00:00,0.4161398112773895
2024-12-22 06:00:00,0.4161398112773895
2024-12-22 09:00:00,0.4161398112773895
2024-12-22 12:00:00,0.4161398112773895
2024-12-22 15:00:00,0.4161398112773895
2024-12-22 18:00:00,0.4161398112773895
2024-12-22 21:00:00,0.4161398112773895
2024-12-23 00:00:00,0.4153444468975067
2024-12-23 03:00:00,0.4153444468975067
2024-12-23 06:00:00,0.4153444468975067
2024-12-23 09:00:00,0.4153444468975067
2024-12-23 12:00:00,0.4153444468975067
2024-12-23 15:00:00,0.4153444468975067
2024-12-23 18:00:00,0.4153444468975067
2024-12-23 21:00:00,0.4153444468975067
2024-12-24 00:00:00,0.4153444468975067
2024-12-24 03:00:00,0.4153444468975067
2024-12-24 06:00:00,0.4153444468975067
2024-12-24 09:00:00,0.4153444468975067
2024-12-24 12:00:00,0.4153444468975067
2024-12-24 15:00:00,0.4153444468975067
2024-12-24 18:00:00,0.4153444468975067
2024-12-24 21:00:00,0.4153444468975067
2024-12-25 00:00:00,0.4153444468975067
2024-12-25 03:00:00,0.4153444468975067
2024-12-25 06:00:00,0.4153444468975067
2024-12-25 09:00:00,0.4153444468975067
2024-12-25 12:00:00,0.4153444468975067
2024-12-25 15:00:00,0.4153444468975067
2024-12-25 18:00:00,0.4153444468975067
2024-12-25 21:00:00,0.4153444468975067
2024-12-26 00:00:00,0.4153444468975067
2024-12-26 03:00:00,0.4153444468975067
2024-12-26 06:00:00,0.4153444468975067
2024-12-26 09:00:00,0.4153444468975067
2024-12-26 12:00:00,0.4153444468975067
2024-12-26 15:00:00,0.4153444468975067
2024-12-26 18:00:00,0.4153444468975067
2024-12-26 21:00:00,0.4153444468975067
2024-12-27 00:00:00,0.4153444468975067
2024-12-27 03:00:00,0.4153444468975067
2024-12-27 06:00:00,0.4153444468975067
2024-12-27 09:00:00,0.4153444468975067
2024-12-27 12:00:00,0.4153444468975067
2024-12-27 15:00:00,0.4153444468975067
2024-12-27 18:00:00,0.4153444468975067
2024-12-27 21:00:00,0.4153444468975067
2024-12-28 00:00:00,0.4153444468975067
2024-12-28 03:00:00,0.4153444468975067
2024-12-28 06:00:00,0.4153444468975067
2024-12-28 09:00:00,0.4153444468975067
2024-12-28 12:00:00,0.4153444468975067
2024-12-28 15:00:00,0.4153444468975067
2024-12-28 18:00:00,0.4153444468975067
2024-12-28 21:00:00,0.4153444468975067
2024-12-29 00:00:00,0.4153444468975067
2024-12-29 03:00:00,0.4153444468975067
2024-12-29 06:00:00,0.4153444468975067
2024-12-29 09:00:00,0.4153444468975067
2024-12-29 12:00:00,0.4153444468975067
2024-12-29 15:00:00,0.4153444468975067
2024-12-29 18:00:00,0.4153444468975067
2024-12-29 21:00:00,0.4153444468975067
2024-12-30 00:00:00,0.4153444468975067
2024-12-30 03:00:00,0.4156418740749359
2024-12-30 06:00:00,0.4153444468975067
2024-12-30 09:00:00,0.4156418740749359
2024-12-30 12:00:00,0.4156418740749359
2024-12-30 15:00:00,0.4156418740749359
2024-12-30 18:00:00,0.4156418740749359
2024-12-30 21:00:00,0.4189005494117737
